swda_filename,ptb_basename,conversation_no,transcript_index,act_tag,caller,utterance_index,subutterance_index,text,pos,trees,ptb_treenumbers
sw09utt/sw_0911_3121.utt,3/sw3121,3121,0,qy^t,A,1,1,"{F Uh, } do you want to give a start on it? /","Uh/UH ,/, do/VBP you/PRP want/VB to/TO give/VB a/DT start/NN on/IN it/PRP ?/.","(ROOT (SINV (FRAG (INTJ (UH Uh))) (, ,) (VP (VBP do) (S (NP (PRP you)) (VP (VB want) (S (VP (TO to) (VP (VB give))))))) (NP (NP (DT a) (NN start)) (PP (IN on) (NP (PRP it)))) (. ?)))",
sw09utt/sw_0911_3121.utt,3/sw3121,3121,1,sd,B,2,1,"{D Well, } I think for me, - /","Well/UH ,/, I/PRP think/VBP for/IN me/PRP ,/,","(ROOT (S (INTJ (UH Well)) (, ,) (ADVP (PRP I)) (VP (VBP think) (PP (IN for) (NP (PRP me)))) (, ,)))",
sw09utt/sw_0911_3121.utt,3/sw3121,3121,2,sd,B,2,2,"[ I, + I'm ] from Alabama. /","I/PRP ,/, I/PRP 'm/VBP from/IN Alabama/NNP ./.","(ROOT (S (NP (PRP I)) (, ,) (NP (PRP I)) (VP (VBP 'm) (PP (IN from) (NP (NNP Alabama)))) (. .)))",
sw09utt/sw_0911_3121.utt,3/sw3121,3121,3,b,A,3,1,Uh-huh. /,Uh-huh/UH ./.,(ROOT (INTJ (UH Uh-huh) (. .))),
sw09utt/sw_0911_3121.utt,3/sw3121,3121,4,sd,B,4,1,"South Alabama,  /","South/NNP Alabama/NNP ,/,","(ROOT (S (NP (NNP South)) (VP (NNP Alabama)) (, ,)))",
sw09utt/sw_0911_3121.utt,3/sw3121,3121,5,sd,B,4,2,{C and so } I grew up in the midst of civil rights movement.,and/CC so/RB I/PRP grew/VBD up/RP in/IN the/DT midst/NN of/IN civil/JJ rights/NNS movement/NN ./.,"(ROOT (S (CC and) (ADVP (RB so)) (NP (PRP I)) (VP (VBD grew) (ADVP (RP up) (PP (IN in) (NP (NP (DT the) (NN midst)) (PP (IN of) (FRAG (NP (JJ civil) (NNS rights)) (NP (NN movement)) (. .)))))) (NP (UH Uh)) (PRN (, ,) (PP (IN in) (NP (NP (DT a) (ADJP (RB pretty) (JJ liberal)) (NN family)) (PP (IN for)))) (, ,)) (PP (IN for) (NP (NP (DT that) (NN area)) (PP (IN at) (NP (DT the) (NN time)))))) (. .)))",
sw09utt/sw_0911_3121.utt,3/sw3121,3121,6,b,A,5,1,Uh-huh. /,Uh-huh/UH ./.,(ROOT (INTJ (UH Uh-huh) (. .))),
sw09utt/sw_0911_3121.utt,3/sw3121,3121,7,+,B,6,1,"{F Uh, } in a pretty liberal family [ for, + for ] that area at the time. /","Uh/UH ,/, in/IN a/DT pretty/RB liberal/JJ family/NN for/IN ,/, for/IN that/DT area/NN at/IN the/DT time/NN ./.","(ROOT (S (CC and) (ADVP (RB so)) (NP (PRP I)) (VP (VBD grew) (ADVP (RP up) (PP (IN in) (NP (NP (DT the) (NN midst)) (PP (IN of) (FRAG (NP (JJ civil) (NNS rights)) (NP (NN movement)) (. .)))))) (NP (UH Uh)) (PRN (, ,) (PP (IN in) (NP (NP (DT a) (ADJP (RB pretty) (JJ liberal)) (NN family)) (PP (IN for)))) (, ,)) (PP (IN for) (NP (NP (DT that) (NN area)) (PP (IN at) (NP (DT the) (NN time)))))) (. .)))",
sw09utt/sw_0911_3121.utt,3/sw3121,3121,8,b,A,7,1,Uh-huh. /,Uh-huh/UH ./.,(ROOT (INTJ (UH Uh-huh) (. .))),
sw09utt/sw_0911_3121.utt,3/sw3121,3121,9,sd,B,8,1,"{C And so } I was very much a part of [ all the, + {F uh } <breathing>, {D you know, } what ] was going on there. /","And/CC so/RB I/PRP was/VBD very/RB much/RB a/DT part/NN of/IN all/PDT the/DT ,/, uh/UH ,/, you/PRP know/VBP ,/, what/WP was/VBD going/VBG on/RP there/RB ./.","(ROOT (S (CC And) (SBAR (RB so) (S (NP (PRP I)) (VP (VBD was) (ADVP (RB very) (RB much)) (NP (NP (DT a) (NN part)) (PP (IN of) (NP (PDT all) (DT the))))))) (, ,) (INTJ (UH uh)) (, ,) (NP (PRP you)) (VP (VP (VBP know)) (, ,) (SBAR (WHNP (WP what)) (S (VP (VBD was) (VP (VBG going) (PRT (RP on)) (ADVP (RB there))))))) (. .)))",
sw09utt/sw_0911_3121.utt,3/sw3121,3121,10,b,A,9,1,Uh-uh. /,Uh-uh/UH ./.,(ROOT (INTJ (UH Uh-uh) (. .))),
sw09utt/sw_0911_3121.utt,3/sw3121,3121,11,sd,B,10,1,"{F Uh, } my parents are pretty active  /","Uh/UH ,/, my/PRP$ parents/NNS are/VBP pretty/RB active/JJ","(ROOT (S (ADVP (UH Uh)) (, ,) (NP (PRP$ my) (NNS parents)) (VP (VBP are) (ADJP (RB pretty) (JJ active)))))",
sw09utt/sw_0911_3121.utt,3/sw3121,3121,12,sd,B,10,2,"{C and, } {F uh, } it was very scary  /","and/CC ,/, uh/UH ,/, it/PRP was/VBD very/RB scary/JJ","(ROOT (S (CC and) (, ,) (ADVP (UH uh)) (, ,) (NP (PRP it)) (VP (VBD was) (ADJP (RB very) (JJ scary)))))",
sw09utt/sw_0911_3121.utt,3/sw3121,3121,13,sd,B,10,3,"[ {C and, } + {C but } ] now we've seen, {D you know, } <breathing> {F uh, } black people have a lot more civil rights in that area and I guess all over than they did, {D you know, } twenty years ago. /","and/CC ,/, but/CC now/RB we/PRP 've/VBP seen/VBN ,/, you/PRP know/VBP ,/, uh/UH ,/, black/JJ people/NNS have/VBP a/DT lot/NN more/JJ civil/JJ rights/NNS in/IN that/DT area/NN and/CC I/PRP guess/VBP all/DT over/RB than/IN they/PRP did/VBD ,/, you/PRP know/VBP ,/, twenty/CD years/NNS ago/RB ./.","(ROOT (S (CC and) (SBAR (PRN (, ,) (CC but) (ADVP (RB now))) (S (NP (PRP we)) (VP (VBP 've) (VP (VBN seen))))) (, ,) (NP (PRP you)) (VP (VBP know) (SBAR (S (, ,) (S (INTJ (UH uh)) (, ,) (S (NP (JJ black) (NNS people)) (VP (VBP have) (NP (NP (DT a) (NN lot) (JJ more) (JJ civil) (NNS rights)) (PP (IN in) (NP (DT that) (NN area)))))) (CC and) (S (NP (PRP I)) (VP (VBP guess) (ADVP (DT all) (RB over)) (SBAR (IN than) (S (NP (PRP they)) (VP (VBD did))))))) (, ,) (NP (PRP you)) (VP (VBP know)))) (, ,) (ADVP (NP (CD twenty) (NNS years)) (RB ago))) (. .)))",
sw09utt/sw_0911_3121.utt,3/sw3121,3121,14,ba,A,11,1,"{F Oh, } definitely. /","Oh/UH ,/, definitely/RB ./.","(ROOT (FRAG (INTJ (UH Oh)) (, ,) (ADVP (RB definitely)) (. .)))",
sw09utt/sw_0911_3121.utt,3/sw3121,3121,15,sv,B,12,1,"There's still a lot [ to be + <breathing>, {D you know, } to be ] accomplished,  /","There/EX 's/BES still/RB a/DT lot/NN to/TO be/VB ,/, you/PRP know/VBP ,/, to/TO be/VB accomplished/VBN ,/,","(ROOT (S (NP (EX There)) (VP (BES 's) (ADVP (RB still)) (NP (DT a) (NN lot) (S (VP (TO to) (VP (VB be) (, ,) (SBAR (S (NP (PRP you)) (VP (VBP know) (, ,) (S (VP (TO to) (VP (VB be) (VP (VBN accomplished))))))))))))) (, ,)))",
sw09utt/sw_0911_3121.utt,3/sw3121,3121,16,sd,B,12,2,{C but } --,but/CC --/:,"(ROOT (S (CC but) (PP (IN for) (NP (PRP me))) (, ,) (SBAR (WHADVP (WRB when)) (S (NP (PRP I)) (VP (VBP think) (PP (IN about) (NP (JJ social) (NN change)))))) (, ,) (NP (DT that)) (VP (BES 's) (SBAR (WHNP (WP what)) (S (NP (PRP I)) (ADVP (RB first)) (VP (VBP think) (PP (IN of))))))))",
sw09utt/sw_0911_3121.utt,3/sw3121,3121,17,b,A,13,1,Uh-huh. /,Uh-huh/UH ./.,(ROOT (INTJ (UH Uh-huh) (. .))),
sw09utt/sw_0911_3121.utt,3/sw3121,3121,18,+,B,14,1,"-- for me, when I think about social change, that's what I first think of  /","--/: for/IN me/PRP ,/, when/WRB I/PRP think/VBP about/IN social/JJ change/NN ,/, that/DT 's/BES what/WP I/PRP first/RB think/VBP of/IN","(ROOT (S (CC but) (PP (IN for) (NP (PRP me))) (, ,) (SBAR (WHADVP (WRB when)) (S (NP (PRP I)) (VP (VBP think) (PP (IN about) (NP (JJ social) (NN change)))))) (, ,) (NP (DT that)) (VP (BES 's) (SBAR (WHNP (WP what)) (S (NP (PRP I)) (ADVP (RB first)) (VP (VBP think) (PP (IN of))))))))",
sw09utt/sw_0911_3121.utt,3/sw3121,3121,19,sd,B,14,2,"{C because } I can remember, {D you know, } separate public restrooms and separate water fountains and --","because/IN I/PRP can/MD remember/VB ,/, you/PRP know/VBP ,/, separate/JJ public/JJ restrooms/NNS and/CC separate/JJ water/NN fountains/NNS and/CC --/:","(ROOT (S (SBAR (IN because) (S (NP (PRP I)) (VP (MD can) (VP (VB remember))))) (, ,) (NP (PRP you)) (VP (VBP know) (, ,) (NP (NP (NP (JJ separate) (JJ public) (NNS restrooms)) (CC and) (NP (JJ separate) (NN water) (NNS fountains))) (CC and) (NP (NP (VBG sitting)) (PP (IN in) (NP (DT the) (RB back))) (PP (IN of) (NP (DT the) (NN bus) (CC and) (NN everything)))))) (. .)))",
sw09utt/sw_0911_3121.utt,3/sw3121,3121,20,b,A,15,1,Uh-huh. /,Uh-huh/UH ./.,(ROOT (INTJ (UH Uh-huh) (. .))),
sw09utt/sw_0911_3121.utt,3/sw3121,3121,21,+,B,16,1,-- sitting in the back of the bus and everything. /,--/: sitting/VBG in/IN the/DT back/RB of/IN the/DT bus/NN and/CC everything/NN ./.,"(ROOT (S (SBAR (IN because) (S (NP (PRP I)) (VP (MD can) (VP (VB remember))))) (, ,) (NP (PRP you)) (VP (VBP know) (, ,) (NP (NP (NP (JJ separate) (JJ public) (NNS restrooms)) (CC and) (NP (JJ separate) (NN water) (NNS fountains))) (CC and) (NP (NP (VBG sitting)) (PP (IN in) (NP (DT the) (RB back))) (PP (IN of) (NP (DT the) (NN bus) (CC and) (NN everything)))))) (. .)))",
sw09utt/sw_0911_3121.utt,3/sw3121,3121,22,bf,A,17,1,<Throat_clearing> You can relate to that.  /,You/PRP can/MD relate/VB to/IN that/DT ./.,(ROOT (S (NP (PRP You)) (VP (MD can) (VP (VB relate) (PP (IN to) (NP (DT that))))) (. .))),
sw09utt/sw_0911_3121.utt,3/sw3121,3121,23,sd,A,17,2,"Now see, [ we didn't, + we don't ] have any of that because, {D well, } {D like, } we live in the country --","Now/UH see/VB ,/, we/PRP did/VBD n't/RB ,/, we/PRP do/VBP n't/RB have/VB any/DT of/IN that/DT because/IN ,/, well/UH ,/, like/UH ,/, we/PRP live/VBP in/IN the/DT country/NN --/:","(ROOT (SINV (S (INTJ (UH Now)) (VP (VB see) (, ,) (S (NP (PRP we)) (VP (VBD did) (RB n't))))) (, ,) (VP (ADVP (PRP we)) (VBP do) (RB n't) (VP (VB have) (NP (NP (DT any)) (PP (IN of) (NP (DT that)))) (SBAR (IN because) (, ,) (S (INTJ (UH well) (, ,) (UH like)) (, ,) (NP (PRP we)) (VP (VBP live) (PP (IN in) (NP (DT the) (NN country))) (PP (IN in))))))) (NP (NNP Clarion) (NNP County))))",
sw09utt/sw_0911_3121.utt,3/sw3121,3121,24,b,B,18,1,Uh-huh. /,Uh-huh/UH ./.,(ROOT (INTJ (UH Uh-huh) (. .))),
sw09utt/sw_0911_3121.utt,3/sw3121,3121,25,+,A,19,1,-- in Clarion County  /,--/: in/IN Clarion/NNP County/NNP,"(ROOT (SINV (S (INTJ (UH Now)) (VP (VB see) (, ,) (S (NP (PRP we)) (VP (VBD did) (RB n't))))) (, ,) (VP (ADVP (PRP we)) (VBP do) (RB n't) (VP (VB have) (NP (NP (DT any)) (PP (IN of) (NP (DT that)))) (SBAR (IN because) (, ,) (S (INTJ (UH well) (, ,) (UH like)) (, ,) (NP (PRP we)) (VP (VBP live) (PP (IN in) (NP (DT the) (NN country))) (PP (IN in))))))) (NP (NNP Clarion) (NNP County))))",
sw09utt/sw_0911_3121.utt,3/sw3121,3121,26,sd,A,19,2,"{C and, } {F uh, } we really didn't have things like that going on --","and/CC ,/, uh/UH ,/, we/PRP really/RB did/VBD n't/RB have/VB things/NNS like/IN that/DT going/VBG on/RP --/:","(ROOT (S (CC and) (, ,) (INTJ (UH uh)) (, ,) (NP (PRP we)) (ADVP (RB really)) (VP (VBD did) (RB n't) (VP (VB have) (NP (NP (NNS things)) (PP (IN like) (NP (NP (DT that)) (VP (VBG going) (PRT (RP on)) (SBAR (WHNP (WDT that)) (S (S (NP (PRP we))) (, ,) (NP (PRP you)) (VP (VBP know) (PRN (, ,) (INTJ (UH uh)) (, ,)) (VP (VBD ran) (PP (IN into)))))))))))) (. .)))",
sw09utt/sw_0911_3121.utt,3/sw3121,3121,27,b,B,20,1,Uh-huh. /,Uh-huh/UH ./.,(ROOT (INTJ (UH Uh-huh) (. .))),
sw09utt/sw_0911_3121.utt,3/sw3121,3121,28,+,A,21,1,"-- that we, {D you know, } {F uh, } ran into.  /","--/: that/WDT we/PRP ,/, you/PRP know/VBP ,/, uh/UH ,/, ran/VBD into/IN ./.","(ROOT (S (CC and) (, ,) (INTJ (UH uh)) (, ,) (NP (PRP we)) (ADVP (RB really)) (VP (VBD did) (RB n't) (VP (VB have) (NP (NP (NNS things)) (PP (IN like) (NP (NP (DT that)) (VP (VBG going) (PRT (RP on)) (SBAR (WHNP (WDT that)) (S (S (NP (PRP we))) (, ,) (NP (PRP you)) (VP (VBP know) (PRN (, ,) (INTJ (UH uh)) (, ,)) (VP (VBD ran) (PP (IN into)))))))))))) (. .)))",
sw09utt/sw_0911_3121.utt,3/sw3121,3121,29,%,A,21,2,"{C So } we kind of, {F uh, } - /","So/RB we/PRP kind/RB of/RB ,/, uh/UH ,/,","(ROOT (NP (NP (RB So)) (NP (NP (PRP we)) (SBAR (S (VP (ADVP (ADVP (RB kind) (RB of)) (PRN (, ,) (INTJ (UH uh)) (, ,)))))))))",
sw09utt/sw_0911_3121.utt,3/sw3121,3121,30,sd,A,21,3,"I guess when I think of social changes, I [ think, + think ] more of, {F uh } <lipsmack>, {F uh, } visiting habits of families --","I/PRP guess/VBP when/WRB I/PRP think/VBP of/IN social/JJ changes/NNS ,/, I/PRP think/VBP ,/, think/VBP more/RBR of/IN ,/, uh/UH ,/, uh/UH ,/, visiting/NN habits/NNS of/IN families/NNS --/:","(ROOT (S (S (NP (PRP I)) (VP (VBP guess) (SBAR (WHADVP (WRB when)) (S (NP (PRP I)) (VP (VBP think) (PP (IN of) (NP (JJ social) (NNS changes)))))))) (, ,) (NP (PRP I)) (VP (VBP think) (, ,) (VBP think) (NP (NP (RBR more)) (PP (IN of) (PRN (, ,) (INTJ (UH uh) (, ,) (UH uh)) (, ,)) (NP (NP (NN visiting) (NNS habits)) (PP (IN of) (NP (NNS families)))))) (PRN (CC and) (PP (JJ such)))) (. .)))",
sw09utt/sw_0911_3121.utt,3/sw3121,3121,31,b,B,22,1,Yeah. /,Yeah/UH ./.,(ROOT (INTJ (UH Yeah) (. .))),
sw09utt/sw_0911_3121.utt,3/sw3121,3121,32,+,A,23,1,-- and such. /,--/: and/CC such/JJ ./.,"(ROOT (S (S (NP (PRP I)) (VP (VBP guess) (SBAR (WHADVP (WRB when)) (S (NP (PRP I)) (VP (VBP think) (PP (IN of) (NP (JJ social) (NNS changes)))))))) (, ,) (NP (PRP I)) (VP (VBP think) (, ,) (VBP think) (NP (NP (RBR more)) (PP (IN of) (PRN (, ,) (INTJ (UH uh) (, ,) (UH uh)) (, ,)) (NP (NP (NN visiting) (NNS habits)) (PP (IN of) (NP (NNS families)))))) (PRN (CC and) (PP (JJ such)))) (. .)))",
sw09utt/sw_0911_3121.utt,3/sw3121,3121,33,aa,B,24,1,"{D Well, } that's true. /","Well/UH ,/, that/DT 's/BES true/JJ ./.","(ROOT (S (INTJ (UH Well)) (, ,) (NP (DT that)) (VP (BES 's) (ADJP (JJ true))) (. .)))",
sw09utt/sw_0911_3121.utt,3/sw3121,3121,34,b,A,25,1,"{F Uh, } /","Uh/UH ,/,","(ROOT (FRAG (PP (UH Uh)) (, ,)))",
sw09utt/sw_0911_3121.utt,3/sw3121,3121,35,ba,B,26,1,That's a good one right there. /,That/DT 's/BES a/DT good/JJ one/NN right/RB there/RB ./.,(ROOT (S (NP (DT That)) (VP (BES 's) (NP (DT a) (JJ good) (NN one)) (ADVP (RB right) (RB there))) (. .))),
sw09utt/sw_0911_3121.utt,3/sw3121,3121,36,b,A,27,1,"Yeah,  /","Yeah/UH ,/,","(ROOT (INTJ (UH Yeah) (, ,)))",
sw09utt/sw_0911_3121.utt,3/sw3121,3121,37,sv,A,27,2,"that there's less visiting done, I think, on a whole than there used to be. - /","that/IN there/EX 's/BES less/JJR visiting/VBG done/VBN ,/, I/PRP think/VBP ,/, on/IN a/DT whole/NN than/IN there/EX used/VBD to/TO be/VB ./.","(ROOT (S (SBAR (IN that) (S (NP (EX there)) (VP (BES 's) (ADVP (JJR less)) (VP (VBG visiting) (S (VP (VBN done))))))) (, ,) (NP (PRP I)) (VP (VBP think) (, ,) (PP (IN on) (NP (DT a) (NN whole))) (SBAR (IN than) (S (NP (EX there)) (VP (VBD used) (S (VP (TO to) (VP (VB be)))))))) (. .)))",
sw09utt/sw_0911_3121.utt,3/sw3121,3121,38,sv,A,27,3,"Used to be that you took the family whether the kids wanted to go or  not,  /","Used/VBD to/TO be/VB that/IN you/PRP took/VBD the/DT family/NN whether/IN the/DT kids/NNS wanted/VBD to/TO go/VB or/CC not/RB ,/,","(ROOT (FRAG (VP (VBD Used) (S (VP (TO to) (VP (VB be) (SBAR (IN that) (S (NP (PRP you)) (VP (VBD took) (NP (DT the) (NN family)) (SBAR (IN whether) (S (NP (DT the) (NNS kids)) (VP (VBD wanted) (S (VP (TO to) (VP (VB go)))))) (CC or) (RB not))))))) (, ,)))))",
sw09utt/sw_0911_3121.utt,3/sw3121,3121,39,sv,A,27,4,you went visiting <laughter>.  /,you/PRP went/VBD visiting/VBG ./.,(ROOT (S (NP (PRP you)) (VP (VBD went) (S (VP (VBG visiting)))) (. .))),
sw09utt/sw_0911_3121.utt,3/sw3121,3121,40,sv,A,27,5,"{C And, } {F uh, } today, {D you know, } people, they do visit,  /","And/CC ,/, uh/UH ,/, today/NN ,/, you/PRP know/VBP ,/, people/NNS ,/, they/PRP do/VBP visit/VB ,/,","(ROOT (S (CC And) (SBAR (PRN (, ,) (INTJ (UH uh)) (, ,)) (S (ADVP (NN today)) (, ,) (NP (PRP you)) (VP (VBP know)))) (, ,) (NP (NNS people)) (, ,) (ADVP (PRP they)) (VP (VBP do) (VP (VB visit))) (, ,)))",
sw09utt/sw_0911_3121.utt,3/sw3121,3121,41,sv,A,27,6,"{C but } it's not quite the same as, {F uh, } what it was, say, twenty years ago, thirty years ago. /","but/CC it/PRP 's/BES not/RB quite/PDT the/DT same/JJ as/IN ,/, uh/UH ,/, what/WP it/PRP was/VBD ,/, say/VB ,/, twenty/CD years/NNS ago/RB ,/, thirty/CD years/NNS ago/RB ./.","(ROOT (S (CC but) (NP (PRP it)) (VP (BES 's) (S (NP (RB not) (PDT quite) (DT the) (JJ same)) (PP (IN as) (PRN (, ,) (INTJ (UH uh)) (, ,))) (SBAR (WHNP (WP what)) (S (NP (PRP it)) (VP (VP (VBD was)) (PRN (, ,) (INTJ (VB say)) (, ,)) (ADVP (NP (CD twenty) (NNS years)) (RB ago)))))) (, ,) (ADVP (NP (CD thirty) (NNS years)) (RB ago))) (. .)))",
sw09utt/sw_0911_3121.utt,3/sw3121,3121,42,aa,B,28,1,Right.  /,Right/UH ./.,(ROOT (INTJ (UH Right) (. .))),
sw09utt/sw_0911_3121.utt,3/sw3121,3121,43,sd,B,28,2,"{C And } I grew up [ in, + out in ] the country, too, basically, in a rural area --","And/CC I/PRP grew/VBD up/RP in/IN ,/, out/IN in/IN the/DT country/NN ,/, too/RB ,/, basically/RB ,/, in/IN a/DT rural/JJ area/NN --/:","(ROOT (S (CC And) (NP (PRP I)) (VP (VBD grew) (PRT (RP up)) (PP (IN in)) (, ,) (ADVP (IN out) (PP (IN in) (NP (NP (DT the) (NN country)) (, ,) (ADVP (RB too))) (, ,) (ADVP (RB basically)))) (, ,) (PP (PP (IN in) (NP (DT a) (JJ rural) (NN area))) (CC and) (PP (IN with) (NP (NP (NNS lots)) (PP (IN of) (NP (NN family))))))) (. .)))",
sw09utt/sw_0911_3121.utt,3/sw3121,3121,44,b,A,29,1,Uh-huh. /,Uh-huh/UH ./.,(ROOT (INTJ (UH Uh-huh) (. .))),
sw09utt/sw_0911_3121.utt,3/sw3121,3121,45,+,B,30,1,-- and with lots of family. /,--/: and/CC with/IN lots/NNS of/IN family/NN ./.,"(ROOT (S (CC And) (NP (PRP I)) (VP (VBD grew) (PRT (RP up)) (PP (IN in)) (, ,) (ADVP (IN out) (PP (IN in) (NP (NP (DT the) (NN country)) (, ,) (ADVP (RB too))) (, ,) (ADVP (RB basically)))) (, ,) (PP (PP (IN in) (NP (DT a) (JJ rural) (NN area))) (CC and) (PP (IN with) (NP (NP (NNS lots)) (PP (IN of) (NP (NN family))))))) (. .)))",
sw09utt/sw_0911_3121.utt,3/sw3121,3121,46,b,A,31,1,"Uh-huh,  /","Uh-huh/UH ,/,","(ROOT (FRAG (PP (UH Uh-huh)) (, ,)))",
sw09utt/sw_0911_3121.utt,3/sw3121,3121,47,b^r,A,31,2,uh-huh. /,uh-huh/UH ./.,(ROOT (INTJ (UH uh-huh) (. .))),
sw09utt/sw_0911_3121.utt,3/sw3121,3121,48,sd,B,32,1,"{C And so } we were always at family in different [ p-, + --","And/CC so/RB we/PRP were/VBD always/RB at/IN family/NN in/IN different/JJ p-/XX ,/, --/:","(ROOT (S (CC And) (ADVP (RB so)) (NP (PRP we)) (VP (VBD were) (ADVP (RB always)) (PP (IN at) (NP (NN family))) (PP (IN in) (NP (NP (JJ different) (XX p-)) (, ,) (NP (NP (NN family) (NNS members) (POS ')) (NNS homes))))) (. .)))",
sw09utt/sw_0911_3121.utt,3/sw3121,3121,49,b,A,33,1,Right. /,Right/UH ./.,(ROOT (INTJ (UH Right) (. .))),
sw09utt/sw_0911_3121.utt,3/sw3121,3121,50,+,B,34,1,-- family ] members' homes. /,--/: family/NN members/NNS '/POS homes/NNS ./.,"(ROOT (S (CC And) (ADVP (RB so)) (NP (PRP we)) (VP (VBD were) (ADVP (RB always)) (PP (IN at) (NP (NN family))) (PP (IN in) (NP (NP (JJ different) (XX p-)) (, ,) (NP (NP (NN family) (NNS members) (POS ')) (NNS homes))))) (. .)))",
sw09utt/sw_0911_3121.utt,3/sw3121,3121,51,b,A,35,1,Uh-huh. /,Uh-huh/UH ./.,(ROOT (INTJ (UH Uh-huh) (. .))),
sw09utt/sw_0911_3121.utt,3/sw3121,3121,52,sv,B,36,1,"{C But } even now, {D you know, } they don't even do that. /","But/CC even/RB now/RB ,/, you/PRP know/VBP ,/, they/PRP do/VBP n't/RB even/RB do/VB that/DT ./.","(ROOT (S (CC But) (SBAR (RB even) (S (ADVP (RB now)) (, ,) (NP (PRP you)) (VP (VBP know)))) (, ,) (NP (PRP they)) (VP (VBP do) (RB n't) (ADVP (RB even)) (VP (VB do) (NP (DT that)))) (. .)))",
sw09utt/sw_0911_3121.utt,3/sw3121,3121,53,sv,A,37,1,"{D Well, } they're so spread out,  /","Well/UH ,/, they/PRP 're/VBP so/RB spread/VBP out/RP ,/,","(ROOT (S (INTJ (UH Well)) (, ,) (ADVP (PRP they)) (VP (VBP 're) (ADJP (RB so) (SBAR (S (VP (VBP spread) (PRT (RP out))))))) (, ,)))",
sw09utt/sw_0911_3121.utt,3/sw3121,3121,54,sv,A,37,2,I think has a lot to do with it. /,I/PRP think/VBP has/VBZ a/DT lot/NN to/TO do/VB with/IN it/PRP ./.,(ROOT (S (NP (PRP I)) (VP (VBP think) (SBAR (S (VP (VBZ has) (NP (DT a) (NN lot) (S (VP (TO to) (VP (VB do) (PP (IN with) (NP (PRP it))))))))))) (. .))),
sw09utt/sw_0911_3121.utt,3/sw3121,3121,55,sv,B,38,1,"{D Well, } {C and } they're so busy. /","Well/UH ,/, and/CC they/PRP 're/VBP so/RB busy/JJ ./.","(ROOT (S (INTJ (UH Well)) (, ,) (ADVP (CC and)) (NP (PRP they)) (VP (VBP 're) (ADJP (RB so) (JJ busy))) (. .)))",
sw09utt/sw_0911_3121.utt,3/sw3121,3121,56,aa,A,39,1,"Uh-huh,  /","Uh-huh/UH ,/,","(ROOT (FRAG (PP (UH Uh-huh)) (, ,)))",
sw09utt/sw_0911_3121.utt,3/sw3121,3121,57,aa^r,A,39,2,uh-huh. /,uh-huh/UH ./.,(ROOT (INTJ (UH uh-huh) (. .))),
sw09utt/sw_0911_3121.utt,3/sw3121,3121,58,sv,B,40,1,"[ People, + people's ] personal schedules are so busy. /","People/NNS ,/, people/NNS 's/POS personal/JJ schedules/NNS are/VBP so/RB busy/JJ ./.","(ROOT (S (NP (NP (NNS People)) (, ,) (NP (NP (NNS people) (POS 's)) (JJ personal) (NNS schedules))) (VP (VBP are) (ADJP (RB so) (JJ busy))) (. .)))",
sw09utt/sw_0911_3121.utt,3/sw3121,3121,59,aa,A,41,1,"Uh-huh,  /","Uh-huh/UH ,/,","(ROOT (FRAG (PP (UH Uh-huh)) (, ,)))",
sw09utt/sw_0911_3121.utt,3/sw3121,3121,60,aa^r,A,41,2,uh-huh. /,uh-huh/UH ./.,(ROOT (INTJ (UH uh-huh) (. .))),
sw09utt/sw_0911_3121.utt,3/sw3121,3121,61,sv,B,42,1,"[ Mainly because, I, + a lot of it has to do, I ] think with more women working -- /","Mainly/RB because/IN ,/, I/PRP ,/, a/DT lot/NN of/IN it/PRP has/VBZ to/TO do/VB ,/, I/PRP think/VBP with/IN more/JJR women/NNS working/VBG --/:","(ROOT (FRAG (ADVP (RB Mainly)) (SBAR (IN because) (, ,) (S (NP (PRP I)) (PRN (, ,) (S (NP (NP (DT a) (NN lot)) (PP (IN of) (NP (PRP it)))) (VP (VBZ has) (S (VP (TO to) (VP (VB do)))))) (, ,)) (NP (PRP I)) (VP (VBP think) (PP (IN with) (NP (NP (JJR more) (NNS women)) (VP (VBG working)))))))))",
sw09utt/sw_0911_3121.utt,3/sw3121,3121,62,aa,A,43,1,"Right,  /","Right/UH ,/,","(ROOT (FRAG (PP (UH Right)) (, ,)))",
sw09utt/sw_0911_3121.utt,3/sw3121,3121,63,aa^r,A,43,2,right. /,right/UH ./.,(ROOT (INTJ (UH right) (. .))),
sw09utt/sw_0911_3121.utt,3/sw3121,3121,64,sd,B,44,1,"-- in our family, {D you know, } twenty years ago, not that many of the women worked. /","--/: in/IN our/PRP$ family/NN ,/, you/PRP know/VBP ,/, twenty/CD years/NNS ago/RB ,/, not/RB that/RB many/JJ of/IN the/DT women/NNS worked/VBD ./.","(ROOT (S (PP (IN in) (NP (PRP$ our) (NN family))) (, ,) (NP (PRP you)) (VP (VBP know) (, ,) (ADVP (NP (CD twenty) (NNS years)) (RB ago)) (, ,) (SBAR (RB not) (S (NP (NP (RB that) (JJ many)) (PP (IN of) (NP (DT the) (NNS women)))) (VP (VBD worked))))) (. .)))",
sw09utt/sw_0911_3121.utt,3/sw3121,3121,65,aa,A,45,1,"That's right,  /","That/DT 's/BES right/JJ ,/,","(ROOT (S (NP (DT That)) (VP (BES 's) (ADJP (JJ right))) (, ,)))",
sw09utt/sw_0911_3121.utt,3/sw3121,3121,66,aa,A,45,2,yeah. /,yeah/UH ./.,(ROOT (INTJ (UH yeah) (. .))),
sw09utt/sw_0911_3121.utt,3/sw3121,3121,67,sv,B,46,1,"{C And } now, {F uh, } almost all the women work. /","And/CC now/RB ,/, uh/UH ,/, almost/RB all/PDT the/DT women/NNS work/VBP ./.","(ROOT (S (CC And) (ADVP (RB now)) (, ,) (INTJ (UH uh)) (, ,) (NP (RB almost) (PDT all) (DT the) (NNS women)) (VP (VBP work)) (. .)))",
sw09utt/sw_0911_3121.utt,3/sw3121,3121,68,aa,A,47,1,"The majority,  /","The/DT majority/NN ,/,","(ROOT (NP (DT The) (NN majority) (, ,)))",
sw09utt/sw_0911_3121.utt,3/sw3121,3121,69,aa,A,47,2,yeah. /,yeah/UH ./.,(ROOT (INTJ (UH yeah) (. .))),
sw09utt/sw_0911_3121.utt,3/sw3121,3121,70,sv,B,48,1,"{C And, so } that means, {D you know, } [ a lot of + <lipsmack>, a lot of ] the social visiting and all was, I think, probably instigated by women --","And/CC ,/, so/RB that/DT means/VBZ ,/, you/PRP know/VBP ,/, a/DT lot/NN of/IN ,/, a/DT lot/NN of/IN the/DT social/JJ visiting/NN and/CC all/DT was/VBD ,/, I/PRP think/VBP ,/, probably/RB instigated/VBN by/IN women/NNS --/:","(ROOT (S (CC And) (, ,) (SBAR (RB so) (S (NP (DT that)) (VP (VBZ means) (, ,) (SBAR (S (NP (PRP you)) (VP (VBP know))))))) (, ,) (NP (NP (DT a) (NN lot)) (PP (IN of))) (, ,) (NP (NP (DT a) (NN lot)) (PP (IN of) (NP (NP (DT the) (JJ social) (NN visiting)) (CC and) (NP (DT all))))) (VP (VBD was) (PRN (, ,) (S (NP (PRP I)) (VP (VBP think))) (, ,)) (VP (ADVP (RB probably)) (VBN instigated) (PP (IN by) (NP (NP (NNS women)) (PP (IN at) (NP (DT that) (NN time))))))) (. .)))",
sw09utt/sw_0911_3121.utt,3/sw3121,3121,71,aa,A,49,1,"Probably,  /","Probably/RB ,/,","(ROOT (FRAG (PP (RB Probably)) (, ,)))",
sw09utt/sw_0911_3121.utt,3/sw3121,3121,72,sv,A,49,2,{C because } when you work --,because/IN when/WRB you/PRP work/VBP --/:,(ROOT (S (PP (IN because) (SBAR (WHADVP (WRB when)) (S (NP (PRP you)) (VP (VBP work))))) (NP (PRP you)) (VP (VBP do) (RB n't) (ADVP (RB really)) (VP (VB care) (S (VP (TO to) (VP (VP (VB go) (ADVP (RB out))) (CC and) (VP (VB visit) (ADJP (RB as) (JJ much)))))))) (. .))),
sw09utt/sw_0911_3121.utt,3/sw3121,3121,73,+,B,50,1,-- at that time. /,--/: at/IN that/DT time/NN ./.,"(ROOT (S (CC And) (, ,) (SBAR (RB so) (S (NP (DT that)) (VP (VBZ means) (, ,) (SBAR (S (NP (PRP you)) (VP (VBP know))))))) (, ,) (NP (NP (DT a) (NN lot)) (PP (IN of))) (, ,) (NP (NP (DT a) (NN lot)) (PP (IN of) (NP (NP (DT the) (JJ social) (NN visiting)) (CC and) (NP (DT all))))) (VP (VBD was) (PRN (, ,) (S (NP (PRP I)) (VP (VBP think))) (, ,)) (VP (ADVP (RB probably)) (VBN instigated) (PP (IN by) (NP (NP (NNS women)) (PP (IN at) (NP (DT that) (NN time))))))) (. .)))",
sw09utt/sw_0911_3121.utt,3/sw3121,3121,74,+,A,51,1,-- <laughter> you --,--/: you/PRP --/:,(ROOT (S (PP (IN because) (SBAR (WHADVP (WRB when)) (S (NP (PRP you)) (VP (VBP work))))) (NP (PRP you)) (VP (VBP do) (RB n't) (ADVP (RB really)) (VP (VB care) (S (VP (TO to) (VP (VP (VB go) (ADVP (RB out))) (CC and) (VP (VB visit) (ADJP (RB as) (JJ much)))))))) (. .))),
sw09utt/sw_0911_3121.utt,3/sw3121,3121,75,aa,B,52,1,Right.  /,Right/UH ./.,(ROOT (INTJ (UH Right) (. .))),
sw09utt/sw_0911_3121.utt,3/sw3121,3121,76,%,B,52,2,"{C And } now, -/","And/CC now/RB ,/,","(ROOT (FRAG (CC And) (ADVP (RB now)) (, ,)))",
sw09utt/sw_0911_3121.utt,3/sw3121,3121,77,+,A,53,1,-- don't really care to go out and visit as much. /,--/: do/VBP n't/RB really/RB care/VB to/TO go/VB out/RB and/CC visit/VB as/RB much/JJ ./.,(ROOT (S (PP (IN because) (SBAR (WHADVP (WRB when)) (S (NP (PRP you)) (VP (VBP work))))) (NP (PRP you)) (VP (VBP do) (RB n't) (ADVP (RB really)) (VP (VB care) (S (VP (TO to) (VP (VP (VB go) (ADVP (RB out))) (CC and) (VP (VB visit) (ADJP (RB as) (JJ much)))))))) (. .))),
sw09utt/sw_0911_3121.utt,3/sw3121,3121,78,aa,B,54,1,That's right. /,That/DT 's/BES right/JJ ./.,(ROOT (S (NP (DT That)) (VP (BES 's) (ADJP (JJ right))) (. .))),
sw09utt/sw_0911_3121.utt,3/sw3121,3121,79,%,A,55,1,"{C And, } {F uh, } -/","And/CC ,/, uh/UH ,/,","(ROOT (S (VP (CC And) (PRN (, ,) (INTJ (UH uh)) (, ,)))))",
sw09utt/sw_0911_3121.utt,3/sw3121,3121,80,%,B,56,1,"{C And } now, {F uh, } - /","And/CC now/RB ,/, uh/UH ,/,","(ROOT (FRAG (CC And) (NP (NP (RB now)) (, ,) (NP (UH uh)) (, ,))))",
sw09utt/sw_0911_3121.utt,3/sw3121,3121,81,sd,B,56,2,{E I mean } my mother does not work  /,I/PRP mean/VBP my/PRP$ mother/NN does/VBZ not/RB work/VB,(ROOT (S (NP (PRP I)) (VP (VBP mean) (SBAR (S (NP (PRP$ my) (NN mother)) (VP (VBZ does) (RB not) (VP (VB work)))))))),
sw09utt/sw_0911_3121.utt,3/sw3121,3121,82,sd,B,56,3,"[ {C and, } + {C and } ] [ she, + {D you know, } she's ] [ f-, + finds ] herself pretty alone a lot --","and/CC ,/, and/CC she/PRP ,/, you/PRP know/VBP ,/, she/PRP 's/BES f/VBZ ,/, finds/VBZ herself/PRP pretty/RB alone/JJ a/DT lot/NN --/:","(ROOT (S (CC and) (PRN (, ,) (CC and) (S (NP (PRP she)) (, ,) (NP (PRP you)) (VP (VBP know))) (, ,)) (NP (PRP she)) (BES 's) (S (VP (VBZ f))) (, ,) (VP (VBZ finds) (NP (PRP herself)) (ADVP (ADVP (RB pretty) (JJ alone)) (SBAR (NP (DT a) (NN lot)) (IN because) (S (NP (NP (JJS most)) (PP (IN of) (NP (PRP$ her) (NNS friends)))) (VP (VBP are) (NP (JJ working) (NNS women))))))) (. .)))",
sw09utt/sw_0911_3121.utt,3/sw3121,3121,83,b,A,57,1,"Uh-huh,  /","Uh-huh/UH ,/,","(ROOT (FRAG (PP (UH Uh-huh)) (, ,)))",
sw09utt/sw_0911_3121.utt,3/sw3121,3121,84,b^r,A,57,2,uh-huh. /,uh-huh/UH ./.,(ROOT (INTJ (UH uh-huh) (. .))),
sw09utt/sw_0911_3121.utt,3/sw3121,3121,85,+,B,58,1,-- because most of her friends are working women. /,--/: because/IN most/JJS of/IN her/PRP$ friends/NNS are/VBP working/JJ women/NNS ./.,"(ROOT (S (CC and) (PRN (, ,) (CC and) (S (NP (PRP she)) (, ,) (NP (PRP you)) (VP (VBP know))) (, ,)) (NP (PRP she)) (BES 's) (S (VP (VBZ f))) (, ,) (VP (VBZ finds) (NP (PRP herself)) (ADVP (ADVP (RB pretty) (JJ alone)) (SBAR (NP (DT a) (NN lot)) (IN because) (S (NP (NP (JJS most)) (PP (IN of) (NP (PRP$ her) (NNS friends)))) (VP (VBP are) (NP (JJ working) (NNS women))))))) (. .)))",
sw09utt/sw_0911_3121.utt,3/sw3121,3121,86,b,A,59,1,Uh-huh. /,Uh-huh/UH ./.,(ROOT (INTJ (UH Uh-huh) (. .))),
sw09utt/sw_0911_3121.utt,3/sw3121,3121,87,sv,B,60,1,"{C But } even just social visits, people don't do that anymore.  /","But/CC even/RB just/RB social/JJ visits/NNS ,/, people/NNS do/VBP n't/RB do/VB that/DT anymore/RB ./.","(ROOT (S (CC But) (PP (RB even) (NP (RB just) (JJ social) (NNS visits))) (, ,) (NP (NNS people)) (VP (VBP do) (RB n't) (VP (VB do) (NP (DT that)) (ADVP (RB anymore)))) (. .)))",
sw09utt/sw_0911_3121.utt,3/sw3121,3121,88,aa,B,60,2,You're right. /,You/PRP 're/VBP right/JJ ./.,(ROOT (S (NP (PRP You)) (VP (VBP 're) (ADJP (JJ right))) (. .))),
sw09utt/sw_0911_3121.utt,3/sw3121,3121,89,nn,A,61,1,"No,  /","No/UH ,/,","(ROOT (INTJ (UH No) (, ,)))",
sw09utt/sw_0911_3121.utt,3/sw3121,3121,90,nn,A,61,2,"huh-uh,  /","huh-uh/UH ,/,","(ROOT (FRAG (PP (UH huh-uh)) (, ,)))",
sw09utt/sw_0911_3121.utt,3/sw3121,3121,91,sv^e,A,61,3,they don't do as much. /,they/PRP do/VBP n't/RB do/VB as/RB much/JJ ./.,(ROOT (S (NP (PRP they)) (VP (VBP do) (RB n't) (VP (VB do) (ADJP (RB as) (JJ much)))) (. .))),
sw09utt/sw_0911_3121.utt,3/sw3121,3121,92,sv,B,62,1,{C And } people don't feel comfortable just to drop in on people --,And/CC people/NNS do/VBP n't/RB feel/VB comfortable/JJ just/RB to/TO drop/VB in/RP on/IN people/NNS --/:,(ROOT (S (CC And) (NP (NNS people)) (VP (VBP do) (RB n't) (VP (VB feel) (ADJP (JJ comfortable) (RB just) (S (VP (TO to) (VP (VB drop) (PRT (RP in)) (PP (IN on) (NP (NNS people))))))) (ADVP (RB anymore)))) (. .))),
sw09utt/sw_0911_3121.utt,3/sw3121,3121,93,b,A,63,1,Uh-huh. /,Uh-huh/UH ./.,(ROOT (INTJ (UH Uh-huh) (. .))),
sw09utt/sw_0911_3121.utt,3/sw3121,3121,94,+,B,64,1,-- anymore.  /,--/: anymore/RB ./.,(ROOT (S (CC And) (NP (NNS people)) (VP (VBP do) (RB n't) (VP (VB feel) (ADJP (JJ comfortable) (RB just) (S (VP (TO to) (VP (VB drop) (PRT (RP in)) (PP (IN on) (NP (NNS people))))))) (ADVP (RB anymore)))) (. .))),
sw09utt/sw_0911_3121.utt,3/sw3121,3121,95,%,B,64,2,"There's a real, -/","There/EX 's/BES a/DT real/JJ ,/,","(ROOT (S (NP (EX There)) (VP (BES 's) (NP (DT a) (JJ real))) (, ,)))",
sw09utt/sw_0911_3121.utt,3/sw3121,3121,96,sv,A,65,1,You have to make arrangements or have --,You/PRP have/VBP to/TO make/VB arrangements/NNS or/CC have/VBP --/:,"(ROOT (S (NP (PRP You)) (VP (VP (VBP have) (S (VP (TO to) (VP (VB make) (NP (NNS arrangements)))))) (CC or) (VP (VBP have) (NP (DT an) (NX (NX (NN invitation)) (CC or))))) (, ,)))",
sw09utt/sw_0911_3121.utt,3/sw3121,3121,97,aa,B,66,1,"Right,  /","Right/UH ,/,","(ROOT (FRAG (PP (UH Right)) (, ,)))",
sw09utt/sw_0911_3121.utt,3/sw3121,3121,98,sv,B,66,2,"{D you know, } [ you don't want to, +","you/PRP know/VBP ,/, you/PRP do/VBP n't/RB want/VB to/TO ,/,","(ROOT (S (NP (PRP you)) (VP (VBP know) (SBAR (S (, ,) (S (NP (PRP you)) (VP (VBP do) (RB n't) (VP (VB want) (PP (TO to))))) (, ,) (NP (PRP You)) (VP (VBP want) (S (VP (TO to) (VP (VB make) (ADJP (JJ sure) (SBAR (S (NP (PRP it)) (VP (BES 's) (ADJP (JJ okay)))))))))))))))",
sw09utt/sw_0911_3121.utt,3/sw3121,3121,99,+,A,67,1,"-- an invitation or, -/","--/: an/DT invitation/NN or/CC ,/,","(ROOT (S (NP (PRP You)) (VP (VP (VBP have) (S (VP (TO to) (VP (VB make) (NP (NNS arrangements)))))) (CC or) (VP (VBP have) (NP (DT an) (NX (NX (NN invitation)) (CC or))))) (, ,)))",
sw09utt/sw_0911_3121.utt,3/sw3121,3121,100,+,B,68,1,You want to ] make sure it's okay  /,You/PRP want/VBP to/TO make/VB sure/JJ it/PRP 's/BES okay/JJ,"(ROOT (S (NP (PRP you)) (VP (VBP know) (SBAR (S (, ,) (S (NP (PRP you)) (VP (VBP do) (RB n't) (VP (VB want) (PP (TO to))))) (, ,) (NP (PRP You)) (VP (VBP want) (S (VP (TO to) (VP (VB make) (ADJP (JJ sure) (SBAR (S (NP (PRP it)) (VP (BES 's) (ADJP (JJ okay)))))))))))))))",
sw09utt/sw_0911_3121.utt,3/sw3121,3121,101,%,B,68,2,"{C or, } -/","or/CC ,/,","(ROOT (FRAG (CC or) (ADVP (, ,))))",
sw09utt/sw_0911_3121.utt,3/sw3121,3121,102,aa,A,69,1,"Yeah,  /","Yeah/UH ,/,","(ROOT (INTJ (UH Yeah) (, ,)))",
sw09utt/sw_0911_3121.utt,3/sw3121,3121,103,aa^r,A,69,2,yeah. /,yeah/UH ./.,(ROOT (INTJ (UH yeah) (. .))),
sw09utt/sw_0911_3121.utt,3/sw3121,3121,104,sv,B,70,1,"I guess we don't not to [ make, + invade ] people's privacy or whatever. /","I/PRP guess/VBP we/PRP do/VBP n't/RB not/RB to/TO make/VB ,/, invade/VB people/NNS 's/POS privacy/NN or/CC whatever/WP ./.","(ROOT (S (NP (PRP I)) (VP (VBP guess) (NP (NP (NP (PRP we)) (SBAR (S (VP (VBP do) (RB n't) (VP (RB not) (S (VP (TO to) (VP (VP (VB make)) (, ,) (VP (VB invade) (NP (NP (NNS people) (POS 's)) (NN privacy))))))))))) (CC or) (SBAR (WHNP (WP whatever))))) (. .)))",
sw09utt/sw_0911_3121.utt,3/sw3121,3121,105,aa,A,71,1,"{D Well, } that could be part of it.  /","Well/UH ,/, that/DT could/MD be/VB part/NN of/IN it/PRP ./.","(ROOT (S (INTJ (UH Well)) (, ,) (NP (DT that)) (VP (MD could) (VP (VB be) (NP (NP (NN part)) (PP (IN of) (NP (PRP it)))))) (. .)))",
sw09utt/sw_0911_3121.utt,3/sw3121,3121,106,sd,A,71,2,I don't know for sure what it is.  /,I/PRP do/VBP n't/RB know/VB for/IN sure/JJ what/WP it/PRP is/VBZ ./.,(ROOT (S (NP (PRP I)) (VP (VBP do) (RB n't) (VP (VB know) (PP (IN for) (ADJP (JJ sure))) (SBAR (WHNP (WP what)) (S (NP (PRP it)) (VP (VBZ is)))))) (. .))),
sw09utt/sw_0911_3121.utt,3/sw3121,3121,107,sd,A,71,3,"I know our children mostly are scattered out at a distance,  so we really don't have that even.  /","I/PRP know/VBP our/PRP$ children/NNS mostly/RB are/VBP scattered/VBN out/RP at/IN a/DT distance/NN ,/, so/RB we/PRP really/RB do/VBP n't/RB have/VB that/DT even/RB ./.","(ROOT (S (S (NP (PRP I)) (VP (VBP know) (SBAR (S (NP (PRP$ our) (NNS children)) (ADVP (RB mostly)) (VP (VBP are) (VP (VBN scattered) (PRT (RP out)) (PP (IN at) (NP (DT a) (NN distance))))))))) (, ,) (RB so) (S (NP (PRP we)) (ADVP (RB really)) (VP (VBP do) (RB n't) (VP (VB have) (NP (DT that)) (ADVP (RB even))))) (. .)))",
sw09utt/sw_0911_3121.utt,3/sw3121,3121,108,%,A,71,4,"We don't, -/","We/PRP do/VBP n't/RB ,/,","(ROOT (S (NP (PRP We)) (VP (VBP do) (RB n't)) (, ,)))",
sw09utt/sw_0911_3121.utt,3/sw3121,3121,109,sd,B,72,1,"{D Well, } [ out of, + out of ] fifteen grandchildren in my family, only two of us don't live within fifty miles. /","Well/UH ,/, out/IN of/IN ,/, out/IN of/IN fifteen/CD grandchildren/NNS in/IN my/PRP$ family/NN ,/, only/RB two/CD of/IN us/PRP do/VBP n't/RB live/VB within/IN fifty/CD miles/NNS ./.","(ROOT (S (INTJ (UH Well)) (, ,) (NP (NP (IN out)) (PP (IN of) (PRN (, ,) (ADVP (IN out) (PP (IN of) (NP (NP (CD fifteen) (NNS grandchildren)) (PP (IN in) (NP (PRP$ my) (NN family)))))) (, ,)) (NP (NP (RB only) (CD two)) (PP (IN of) (NP (PRP us)))))) (VP (VBP do) (RB n't) (VP (VB live) (PP (IN within) (NP (CD fifty) (NNS miles))))) (. .)))",
sw09utt/sw_0911_3121.utt,3/sw3121,3121,110,bh,A,73,1,"{F Oh, } really? /","Oh/UH ,/, really/UH ?/.","(ROOT (INTJ (INTJ (UH Oh)) (, ,) (INTJ (UH really) (. ?))))",
sw09utt/sw_0911_3121.utt,3/sw3121,3121,111,sd,B,74,1,"[ {C And } th-, + {C and } most ] live within ten --","And/CC th-/XX ,/, and/CC most/JJS live/VBP within/IN ten/CD --/:","(ROOT (S (CC And) (NP (NP (XX th-)) (, ,) (CC and) (NP (JJS most))) (VP (VBP live) (PP (IN within) (NP (NP (CD ten)) (CC or) (, ,) (CC or) (NP (CD twenty))))) (. .)))",
sw09utt/sw_0911_3121.utt,3/sw3121,3121,112,ba,A,75,1,"{F Oh, } that's pretty good. /","Oh/UH ,/, that/DT 's/BES pretty/RB good/JJ ./.","(ROOT (S (INTJ (UH Oh)) (, ,) (NP (DT that)) (VP (BES 's) (ADJP (RB pretty) (JJ good))) (. .)))",
sw09utt/sw_0911_3121.utt,3/sw3121,3121,113,+,B,76,1,"-- [ or, + or ] twenty.  /","--/: or/CC ,/, or/CC twenty/CD ./.","(ROOT (S (CC And) (NP (NP (XX th-)) (, ,) (CC and) (NP (JJS most))) (VP (VBP live) (PP (IN within) (NP (NP (CD ten)) (CC or) (, ,) (CC or) (NP (CD twenty))))) (. .)))",
sw09utt/sw_0911_3121.utt,3/sw3121,3121,114,sv,B,76,2,"[ {C So, } + {C but } ] [ [ that's, + {D you know, } that is rural, ] + it's a rural ] family  /","So/RB ,/, but/CC that/DT 's/BES ,/, you/PRP know/VBP ,/, that/DT is/VBZ rural/JJ ,/, it/PRP 's/BES a/DT rural/JJ family/NN","(ROOT (S (RB So) (SBAR (PRN (, ,) (PP (CC but) (NP (DT that) (BES 's))) (, ,)) (S (NP (PRP you)) (VP (VBP know) (PRN (, ,) (INTJ (DT that) (VBZ is))) (NP (JJ rural))))) (, ,) (NP (PRP it)) (VP (BES 's) (NP (DT a) (JJ rural) (NN family)))))",
sw09utt/sw_0911_3121.utt,3/sw3121,3121,115,sd,B,76,3,{C and } --,and/CC --/:,(ROOT (S (CC and) (NP (JJS most) (NNS people)) (VP (VBD did) (RB n't) (VP (VB go) (ADVP (RB away)))) (. .))),
sw09utt/sw_0911_3121.utt,3/sw3121,3121,116,b,A,77,1,"Uh-huh,  /","Uh-huh/UH ,/,","(ROOT (FRAG (PP (UH Uh-huh)) (, ,)))",
sw09utt/sw_0911_3121.utt,3/sw3121,3121,117,b^r,A,77,2,uh-huh. /,uh-huh/UH ./.,(ROOT (INTJ (UH uh-huh) (. .))),
sw09utt/sw_0911_3121.utt,3/sw3121,3121,118,+,B,78,1,-- most people didn't go away.  /,--/: most/JJS people/NNS did/VBD n't/RB go/VB away/RB ./.,(ROOT (S (CC and) (NP (JJS most) (NNS people)) (VP (VBD did) (RB n't) (VP (VB go) (ADVP (RB away)))) (. .))),
sw09utt/sw_0911_3121.utt,3/sw3121,3121,119,sd,B,78,2,I'm just one of the two --,I/PRP 'm/VBP just/RB one/CD of/IN the/DT two/CD --/:,"(ROOT (S (S (NP (PRP I)) (VP (VBP 'm) (ADVP (NP (NP (QP (RB just) (CD one))) (PP (IN of) (NP (DT the) (CD two)))) (IN out)) (PP (IN of) (NP (NP (CD fifteen)) (SBAR (WHNP (WDT that)) (S (VP (VBP do) (RB n't) (VP (VB live) (PP (IN in) (NP (DT the))))))))))) (, ,) (NP (PRP you)) (VP (VBP know) (, ,) (ADVP (RB even)) (PP (IN in) (NP (DT the) (JJ same) (NN state)))) (. .)))",
sw09utt/sw_0911_3121.utt,3/sw3121,3121,120,b,A,79,1,Uh-huh. /,Uh-huh/UH ./.,(ROOT (INTJ (UH Uh-huh) (. .))),
sw09utt/sw_0911_3121.utt,3/sw3121,3121,121,+,B,80,1,-- out of fifteen --,--/: out/IN of/IN fifteen/CD --/:,"(ROOT (S (S (NP (PRP I)) (VP (VBP 'm) (ADVP (NP (NP (QP (RB just) (CD one))) (PP (IN of) (NP (DT the) (CD two)))) (IN out)) (PP (IN of) (NP (NP (CD fifteen)) (SBAR (WHNP (WDT that)) (S (VP (VBP do) (RB n't) (VP (VB live) (PP (IN in) (NP (DT the))))))))))) (, ,) (NP (PRP you)) (VP (VBP know) (, ,) (ADVP (RB even)) (PP (IN in) (NP (DT the) (JJ same) (NN state)))) (. .)))",
sw09utt/sw_0911_3121.utt,3/sw3121,3121,122,b,A,81,1,Uh-huh. /,Uh-huh/UH ./.,(ROOT (INTJ (UH Uh-huh) (. .))),
sw09utt/sw_0911_3121.utt,3/sw3121,3121,123,+,B,82,1,"-- that don't live [ in the, + {D you know, } even in the ] same state. /","--/: that/WDT do/VBP n't/RB live/VB in/IN the/DT ,/, you/PRP know/VBP ,/, even/RB in/IN the/DT same/JJ state/NN ./.","(ROOT (S (S (NP (PRP I)) (VP (VBP 'm) (ADVP (NP (NP (QP (RB just) (CD one))) (PP (IN of) (NP (DT the) (CD two)))) (IN out)) (PP (IN of) (NP (NP (CD fifteen)) (SBAR (WHNP (WDT that)) (S (VP (VBP do) (RB n't) (VP (VB live) (PP (IN in) (NP (DT the))))))))))) (, ,) (NP (PRP you)) (VP (VBP know) (, ,) (ADVP (RB even)) (PP (IN in) (NP (DT the) (JJ same) (NN state)))) (. .)))",
sw09utt/sw_0911_3121.utt,3/sw3121,3121,124,qy^d,A,83,1,"{D Well, } apparently there must be work available, for those --","Well/UH ,/, apparently/RB there/EX must/MD be/VB work/NN available/JJ ,/, for/IN those/DT --/:","(ROOT (PRN (S (S (FRAG (INTJ (UH Well)) (, ,) (ADVP (RB apparently))) (NP (EX there)) (VP (MD must) (VP (VB be) (ADJP (NP (NN work)) (JJ available))))) (, ,) (ADVP (IN for)) (S (NP (NP (DT those)) (SBAR (WHNP (WDT that)) (S (VP (VBP are))))))) (, ,)))",
sw09utt/sw_0911_3121.utt,3/sw3121,3121,125,ny,B,84,1,Yeah. /,Yeah/UH ./.,(ROOT (INTJ (UH Yeah) (. .))),
sw09utt/sw_0911_3121.utt,3/sw3121,3121,126,+,A,85,1,"-- that are, /","--/: that/WDT are/VBP ,/,","(ROOT (PRN (S (S (FRAG (INTJ (UH Well)) (, ,) (ADVP (RB apparently))) (NP (EX there)) (VP (MD must) (VP (VB be) (ADJP (NP (NN work)) (JJ available))))) (, ,) (ADVP (IN for)) (S (NP (NP (DT those)) (SBAR (WHNP (WDT that)) (S (VP (VBP are))))))) (, ,)))",
sw09utt/sw_0911_3121.utt,3/sw3121,3121,127,sd^e,B,86,1,There is in that area. /,There/EX is/VBZ in/IN that/DT area/NN ./.,(ROOT (S (NP (EX There)) (VP (VBZ is) (PP (IN in) (NP (DT that) (NN area)))) (. .))),
sw09utt/sw_0911_3121.utt,3/sw3121,3121,128,b,A,87,1,Uh-huh.  /,Uh-huh/UH ./.,(ROOT (INTJ (UH Uh-huh) (. .))),
sw09utt/sw_0911_3121.utt,3/sw3121,3121,129,sd,A,87,2,"{C Because } around here, there's really nothing for the young people,  /","Because/IN around/IN here/RB ,/, there/EX 's/BES really/RB nothing/NN for/IN the/DT young/JJ people/NNS ,/,","(ROOT (S (PP (IN Because) (PP (IN around) (NP (RB here)))) (, ,) (NP (EX there)) (VP (BES 's) (ADVP (RB really)) (ADVP (NN nothing) (PP (IN for) (NP (DT the) (JJ young) (NNS people)))) (, ,))))",
sw09utt/sw_0911_3121.utt,3/sw3121,3121,130,sd,A,87,3,"[ no good, + {E I mean } there's ] jobs.  /","no/DT good/JJ ,/, I/PRP mean/VBP there/EX 's/BES jobs/NNS ./.","(ROOT (S (S (ADJP (DT no) (JJ good))) (, ,) (NP (PRP I)) (VP (VBP mean) (SBAR (S (NP (EX there)) (VP (BES 's) (NP (NNS jobs)))))) (. .)))",
sw09utt/sw_0911_3121.utt,3/sw3121,3121,131,sd,A,87,4,"There's minimum wage jobs,  /","There/EX 's/BES minimum/JJ wage/NN jobs/NNS ,/,","(ROOT (S (NP (EX There)) (VP (BES 's) (NP (JJ minimum) (NN wage) (NNS jobs))) (, ,)))",
sw09utt/sw_0911_3121.utt,3/sw3121,3121,132,sd,A,87,5,"{C but, } {F uh, } to make a good living, there really, around here, there just isn't too much. /","but/CC ,/, uh/UH ,/, to/TO make/VB a/DT good/JJ living/NN ,/, there/EX really/RB ,/, around/IN here/RB ,/, there/EX just/RB is/VBZ n't/RB too/RB much/JJ ./.","(ROOT (S (CC but) (, ,) (S (INTJ (UH uh)) (, ,) (S (NP (TO to)) (VP (VB make) (NP (DT a) (JJ good) (NN living)))) (, ,) (S (NP (EX there)) (ADVP (RB really)) (, ,) (PP (IN around) (NP (RB here))) (, ,) (NP (EX there)) (ADVP (RB just)) (VP (VBZ is) (RB n't) (ADJP (RB too) (JJ much))))) (. .)))",
sw09utt/sw_0911_3121.utt,3/sw3121,3121,133,b,B,88,1,Uh-huh.  /,Uh-huh/UH ./.,(ROOT (INTJ (UH Uh-huh) (. .))),
sw09utt/sw_0911_3121.utt,3/sw3121,3121,134,sv,B,88,2,"{C And } I guess, {D you know, } that would greatly affect social [ ch-, + i. e., social change. ] /","And/CC I/PRP guess/VBP ,/, you/PRP know/VBP ,/, that/DT would/MD greatly/RB affect/VB social/JJ ch-/NN ,/, i/FW ./. e/FW ./. ,/, social/JJ change/NN ./.","(ROOT (S (S (CC And) (NP (PRP I)) (VP (VBP guess))) (, ,) (NP (PRP you)) (VP (VBP know) (PRN (, ,) (S (NP (DT that)) (VP (MD would) (ADVP (RB greatly)) (VP (VB affect) (FRAG (NP (NP (JJ social) (NN ch-)) (, ,) (NP (FW i)) (. .)) (ADJP (FW e) (. .)))))) (, ,)) (NP (JJ social) (NN change))) (. .)))",
sw09utt/sw_0911_3121.utt,3/sw3121,3121,135,aa,A,89,1,"Uh-huh,  /","Uh-huh/UH ,/,","(ROOT (FRAG (PP (UH Uh-huh)) (, ,)))",
sw09utt/sw_0911_3121.utt,3/sw3121,3121,136,aa^r,A,89,2,uh-huh. /,uh-huh/UH ./.,(ROOT (INTJ (UH uh-huh) (. .))),
sw09utt/sw_0911_3121.utt,3/sw3121,3121,137,sv,B,90,1,"Probably the job market [ has alwa-, + and [ the, + the ] economy --","Probably/RB the/DT job/NN market/NN has/VBZ alwa-/XX ,/, and/CC the/DT ,/, the/DT economy/NN --/:","(ROOT (S (S (S (ADVP (RB Probably)) (NP (DT the) (NN job) (NN market)) (VP (VBZ has) (VP (XX alwa-)))) (, ,) (CC and) (S (NP (NP (DT the)) (, ,) (NP (DT the) (NN economy))) (VP (VBZ has) (ADVP (RB always)) (VP (VBN affected))))) (, ,) (FRAG (INTJ (UH uh)) (, ,) (NP (JJ social) (NN change))) (. .)))",
sw09utt/sw_0911_3121.utt,3/sw3121,3121,138,b,A,91,1,Uh-huh. /,Uh-huh/UH ./.,(ROOT (INTJ (UH Uh-huh) (. .))),
sw09utt/sw_0911_3121.utt,3/sw3121,3121,139,+,B,92,1,"-- has always ] affected, {F uh, } social change. /","--/: has/VBZ always/RB affected/VBN ,/, uh/UH ,/, social/JJ change/NN ./.","(ROOT (S (S (S (ADVP (RB Probably)) (NP (DT the) (NN job) (NN market)) (VP (VBZ has) (VP (XX alwa-)))) (, ,) (CC and) (S (NP (NP (DT the)) (, ,) (NP (DT the) (NN economy))) (VP (VBZ has) (ADVP (RB always)) (VP (VBN affected))))) (, ,) (FRAG (INTJ (UH uh)) (, ,) (NP (JJ social) (NN change))) (. .)))",
sw09utt/sw_0911_3121.utt,3/sw3121,3121,140,b,A,93,1,Uh-huh. /,Uh-huh/UH ./.,(ROOT (INTJ (UH Uh-huh) (. .))),
sw09utt/sw_0911_3121.utt,3/sw3121,3121,141,sv,B,94,1,Probably. /,Probably/RB ./.,(ROOT (FRAG (ADVP (RB Probably)) (. .))),
sw09utt/sw_0911_3121.utt,3/sw3121,3121,142,sd,A,95,1,"{D So, } <lipsmack> {D well, } there's the main things I can think of.  /","So/UH ,/, well/UH ,/, there/EX 's/BES the/DT main/JJ things/NNS I/PRP can/MD think/VB of/IN ./.","(ROOT (S (INTJ (UH So) (, ,) (UH well)) (, ,) (NP (EX there)) (VP (BES 's) (NP (NP (DT the) (JJ main) (NNS things)) (SBAR (S (NP (PRP I)) (VP (MD can) (VP (VB think) (PP (IN of)))))))) (. .)))",
sw09utt/sw_0911_3121.utt,3/sw3121,3121,143,sd,A,95,2,I really tried to think of some other things  /,I/PRP really/RB tried/VBD to/TO think/VB of/IN some/DT other/JJ things/NNS,(ROOT (S (NP (PRP I)) (VP (ADVP (RB really)) (VBD tried) (S (VP (TO to) (VP (VB think) (PP (IN of) (NP (DT some) (JJ other) (NNS things))))))))),
sw09utt/sw_0911_3121.utt,3/sw3121,3121,144,sd,A,95,3,"{C and } I couldn't really, /","and/CC I/PRP could/MD n't/RB really/RB ,/,","(ROOT (PRN (CC and) (S (NP (PRP I)) (VP (MD could) (VP (RB n't) (ADJP (RB really)))) (, ,))))",
sw09utt/sw_0911_3121.utt,3/sw3121,3121,145,sv,B,96,1,"{D Well, } I think just, also, {D you know, } the women's movement, too, has affected a lot of social change. /","Well/UH ,/, I/PRP think/VBP just/RB ,/, also/RB ,/, you/PRP know/VBP ,/, the/DT women/NNS 's/POS movement/NN ,/, too/RB ,/, has/VBZ affected/VBN a/DT lot/NN of/IN social/JJ change/NN ./.","(ROOT (S (S (INTJ (UH Well)) (, ,) (NP (PRP I)) (VP (VBP think) (ADVP (RB just)))) (, ,) (S (ADVP (RB also)) (, ,) (NP (PRP you)) (VP (VBP know))) (, ,) (S (NP (NP (DT the) (NNS women) (POS 's)) (NN movement)) (, ,) (ADVP (RB too)) (, ,) (VP (VBZ has) (VP (VBN affected) (NP (NP (DT a) (NN lot)) (PP (IN of) (NP (JJ social) (NN change))))))) (. .)))",
sw09utt/sw_0911_3121.utt,3/sw3121,3121,146,aa,A,97,1,"Yeah,  /","Yeah/UH ,/,","(ROOT (INTJ (UH Yeah) (, ,)))",
sw09utt/sw_0911_3121.utt,3/sw3121,3121,147,aa,A,97,2,definitely. /,definitely/RB ./.,(ROOT (FRAG (ADVP (RB definitely)) (. .))),
sw09utt/sw_0911_3121.utt,3/sw3121,3121,148,sv,B,98,1,"{F Uh, } people --","Uh/UH ,/, people/NNS --/:","(ROOT (S (INTJ (UH Uh)) (, ,) (NP (NNS people)) (VP (VBP marry)) (, ,)))",
sw09utt/sw_0911_3121.utt,3/sw3121,3121,149,sv,A,99,1,Some good --,Some/DT good/JJ --/:,(ROOT (NP (NP (NP (DT Some) (JJ good)) (CC and) (NP (DT some))) (ADJP (JJ bad)) (. .))),
sw09utt/sw_0911_3121.utt,3/sw3121,3121,150,+,B,100,1,"-- marry, /","--/: marry/VBP ,/,","(ROOT (S (INTJ (UH Uh)) (, ,) (NP (NNS people)) (VP (VBP marry)) (, ,)))",
sw09utt/sw_0911_3121.utt,3/sw3121,3121,151,+,A,101,1,-- and some bad <laughter>. /,--/: and/CC some/DT bad/JJ ./.,(ROOT (NP (NP (NP (DT Some) (JJ good)) (CC and) (NP (DT some))) (ADJP (JJ bad)) (. .))),
sw09utt/sw_0911_3121.utt,3/sw3121,3121,152,b,B,102,1,Yeah.  /,Yeah/UH ./.,(ROOT (INTJ (UH Yeah) (. .))),
sw09utt/sw_0911_3121.utt,3/sw3121,3121,153,sv,B,102,2,People marry later. /,People/NNS marry/VBP later/RB ./.,(ROOT (S (NP (NNS People)) (VP (VBP marry) (ADVP (RB later))) (. .))),
sw09utt/sw_0911_3121.utt,3/sw3121,3121,154,b,A,103,1,Uh-huh. /,Uh-huh/UH ./.,(ROOT (INTJ (UH Uh-huh) (. .))),
sw09utt/sw_0911_3121.utt,3/sw3121,3121,155,%,B,104,1,"{E I mean } basically, I think, - /","I/PRP mean/VBP basically/RB ,/, I/PRP think/VBP ,/,","(ROOT (S (NP (PRP I)) (VP (VBP mean) (SBAR (S (ADVP (RB basically)) (, ,) (NP (PRP I)) (VP (VBP think))))) (, ,)))",
sw09utt/sw_0911_3121.utt,3/sw3121,3121,156,sd,B,104,2,"{D now, } {D again, } where I'm from [ in, + in ] Alabama that's not necessarily true --","now/UH ,/, again/UH ,/, where/WRB I/PRP 'm/VBP from/IN in/IN ,/, in/IN Alabama/NNP that/DT 's/BES not/RB necessarily/RB true/JJ --/:","(ROOT (S (S (INTJ (UH now) (, ,) (UH again)) (, ,) (PRN (SBAR (WHADVP (WRB where)) (S (NP (PRP I)) (VP (VBP 'm) (PP (IN from) (PP (IN in))) (, ,) (PP (IN in) (NP (NP (NNP Alabama)) (SBAR (WHNP (DT that)) (S (VP (BES 's) (RB not) (ADJP (RB necessarily) (JJ true) (PP (IN because) (NP (NNS people))))))))))))) (VP (VBP do) (ADVP (RB still)) (VP (VB get) (VP (VBN married) (ADVP (RB right) (IN out)) (PP (IN of) (NP (JJ high) (NN school))))))) (. .)))",
sw09utt/sw_0911_3121.utt,3/sw3121,3121,157,b,A,105,1,Uh-huh. /,Uh-huh/UH ./.,(ROOT (INTJ (UH Uh-huh) (. .))),
sw09utt/sw_0911_3121.utt,3/sw3121,3121,158,+,B,106,1,-- because people do still get married right out of high school. /,--/: because/IN people/NNS do/VBP still/RB get/VB married/VBN right/RB out/IN of/IN high/JJ school/NN ./.,"(ROOT (S (S (INTJ (UH now) (, ,) (UH again)) (, ,) (PRN (SBAR (WHADVP (WRB where)) (S (NP (PRP I)) (VP (VBP 'm) (PP (IN from) (PP (IN in))) (, ,) (PP (IN in) (NP (NP (NNP Alabama)) (SBAR (WHNP (DT that)) (S (VP (BES 's) (RB not) (ADJP (RB necessarily) (JJ true) (PP (IN because) (NP (NNS people))))))))))))) (VP (VBP do) (ADVP (RB still)) (VP (VB get) (VP (VBN married) (ADVP (RB right) (IN out)) (PP (IN of) (NP (JJ high) (NN school))))))) (. .)))",
sw09utt/sw_0911_3121.utt,3/sw3121,3121,159,b,A,107,1,"Uh-huh,  /","Uh-huh/UH ,/,","(ROOT (FRAG (PP (UH Uh-huh)) (, ,)))",
sw09utt/sw_0911_3121.utt,3/sw3121,3121,160,b^r,A,107,2,uh-huh. /,uh-huh/UH ./.,(ROOT (INTJ (UH uh-huh) (. .))),
sw09utt/sw_0911_3121.utt,3/sw3121,3121,161,sd,B,108,1,"{C But } {D now } out here in Texas where I am now, that's very unusual. /","But/CC now/RB out/IN here/RB in/IN Texas/NNP where/WRB I/PRP am/VBP now/RB ,/, that/DT 's/BES very/RB unusual/JJ ./.","(ROOT (S (CC But) (ADVP (RB now)) (SBAR (ADVP (IN out) (ADVP (RB here)) (PP (IN in) (NP (NNP Texas)))) (WHADVP (WRB where)) (S (NP (PRP I)) (VP (VBP am) (ADVP (RB now))))) (, ,) (NP (DT that)) (VP (BES 's) (ADJP (RB very) (JJ unusual))) (. .)))",
sw09utt/sw_0911_3121.utt,3/sw3121,3121,162,sv,A,109,1,"They'd rather get their life started first before, -/","They/PRP 'd/MD rather/RB get/VB their/PRP$ life/NN started/VBN first/RB before/IN ,/,","(ROOT (S (NP (PRP They)) (VP (MD 'd) (RB rather) (VP (VB get) (NP (NP (PRP$ their) (NN life)) (VP (VBN started) (ADVP (RB first)) (PP (IN before)))))) (, ,)))",
sw09utt/sw_0911_3121.utt,3/sw3121,3121,163,sv,B,110,1,"Most people [ [ get marrie-, + {E I mean } get, ] + go to college ] or at least get a job  /","Most/JJS people/NNS get/VBP marrie/VBN ,/, I/PRP mean/VBP get/VBP ,/, go/VB to/IN college/NN or/CC at/IN least/JJS get/VBP a/DT job/NN","(ROOT (SINV (S (NP (JJS Most) (NNS people)) (VP (VBP get) (SBAR (S (S (VP (VBN marrie))) (, ,) (NP (PRP I)) (VP (VBP mean)))))) (VP (VP (VBP get)) (, ,) (VP (VB go) (PP (IN to) (NP (NN college)))) (CC or) (ADVP (IN at) (JJS least)) (VP (VBP get))) (NP (DT a) (NN job))))",
sw09utt/sw_0911_3121.utt,3/sw3121,3121,164,sv,B,110,2,"{C and } even, {D you know, } [ people [ are, + seem to, ] + a lot of people seem to ] <breathing> be engaged for a long time before they get married --","and/CC even/RB ,/, you/PRP know/VBP ,/, people/NNS are/VBP ,/, seem/VBP to/TO ,/, a/DT lot/NN of/IN people/NNS seem/VBP to/TO be/VB engaged/VBN for/IN a/DT long/JJ time/NN before/IN they/PRP get/VBP married/VBN --/:","(ROOT (S (CC and) (SBAR (RB even) (S (PRN (, ,) (S (NP (PRP you)) (VP (VBP know) (, ,) (SBAR (S (NP (NNS people)) (VP (VBP are)))))) (, ,)) (VP (VBP seem) (PP (TO to))))) (, ,) (NP (NP (DT a) (NN lot)) (PP (IN of) (NP (NNS people)))) (VP (VBP seem) (S (VP (TO to) (VP (VB be) (VP (VBN engaged) (PP (IN for) (NP (DT a) (JJ long) (NN time))) (SBAR (IN before) (S (NP (PRP they)) (VP (VBP get) (ADJP (VBN married) (SBAR (IN because) (S (NP (PRP they)) (VP (VBP do) (VP (VB want) (S (VP (TO to) (VP (VB be) (ADJP (RB financially) (VBN set) (PRT (RP up))))))))))))))))))) (. .)))",
sw09utt/sw_0911_3121.utt,3/sw3121,3121,165,b,A,111,1,Uh-huh. /,Uh-huh/UH ./.,(ROOT (INTJ (UH Uh-huh) (. .))),
sw09utt/sw_0911_3121.utt,3/sw3121,3121,166,+,B,112,1,-- because they do want to be financially set up. /,--/: because/IN they/PRP do/VBP want/VB to/TO be/VB financially/RB set/VBN up/RP ./.,"(ROOT (S (CC and) (SBAR (RB even) (S (PRN (, ,) (S (NP (PRP you)) (VP (VBP know) (, ,) (SBAR (S (NP (NNS people)) (VP (VBP are)))))) (, ,)) (VP (VBP seem) (PP (TO to))))) (, ,) (NP (NP (DT a) (NN lot)) (PP (IN of) (NP (NNS people)))) (VP (VBP seem) (S (VP (TO to) (VP (VB be) (VP (VBN engaged) (PP (IN for) (NP (DT a) (JJ long) (NN time))) (SBAR (IN before) (S (NP (PRP they)) (VP (VBP get) (ADJP (VBN married) (SBAR (IN because) (S (NP (PRP they)) (VP (VBP do) (VP (VB want) (S (VP (TO to) (VP (VB be) (ADJP (RB financially) (VBN set) (PRT (RP up))))))))))))))))))) (. .)))",
sw09utt/sw_0911_3121.utt,3/sw3121,3121,167,aa,A,113,1,"Yeah,  /","Yeah/UH ,/,","(ROOT (INTJ (UH Yeah) (, ,)))",
sw09utt/sw_0911_3121.utt,3/sw3121,3121,168,sv,A,113,2,"{D well, } even to get school finished, I think,  /","well/UH ,/, even/RB to/TO get/VB school/NN finished/VBN ,/, I/PRP think/VBP ,/,","(ROOT (S (NP (NP (FRAG (INTJ (UH well)) (, ,) (ADVP (RB even)))) (PP (TO to) (S (VP (VB get) (NP (NP (NN school)) (VP (VBN finished) (PRN (, ,) (S (NP (PRP I)) (VP (VBP think))) (, ,))))))))))",
sw09utt/sw_0911_3121.utt,3/sw3121,3121,169,sv,A,113,3,a lot of times it's better if they do finish their schooling before they settle in.  /,a/DT lot/NN of/IN times/NNS it/PRP 's/BES better/JJR if/IN they/PRP do/VBP finish/VB their/PRP$ schooling/NN before/IN they/PRP settle/VBP in/RP ./.,(ROOT (S (NP (NP (DT a) (NN lot)) (PP (IN of) (NP (NNS times)))) (NP (PRP it)) (VP (BES 's) (ADJP (JJR better)) (SBAR (IN if) (S (NP (PRP they)) (VP (VBP do) (VP (VB finish) (NP (PRP$ their) (NN schooling)) (SBAR (IN before) (S (NP (PRP they)) (VP (VBP settle) (PRT (RP in)))))))))) (. .))),
sw09utt/sw_0911_3121.utt,3/sw3121,3121,170,sv,A,113,4,{C Because } a marriage takes a lot of effort and concentration <laughter>  /,Because/IN a/DT marriage/NN takes/VBZ a/DT lot/NN of/IN effort/NN and/CC concentration/NN,(ROOT (SBAR (IN Because) (S (NP (DT a) (NN marriage)) (VP (VBZ takes) (NP (NP (DT a) (NN lot)) (PP (IN of) (NP (NN effort) (CC and) (NN concentration)))))))),
sw09utt/sw_0911_3121.utt,3/sw3121,3121,171,sv,A,113,5,"{C and } if you're busy with school [ it's, + I think it's ] really difficult for a family. /","and/CC if/IN you/PRP 're/VBP busy/JJ with/IN school/NN it/PRP 's/BES ,/, I/PRP think/VBP it/PRP 's/BES really/RB difficult/JJ for/IN a/DT family/NN ./.","(ROOT (S (CC and) (SBAR (IN if) (S (NP (PRP you)) (VP (VBP 're) (ADJP (JJ busy) (PP (IN with) (NP (NP (NN school)) (SBAR (S (NP (PRP it)) (VP (BES 's)))))))))) (, ,) (NP (PRP I)) (VP (VBP think) (SBAR (S (NP (PRP it)) (VP (BES 's) (ADJP (RB really) (JJ difficult) (PP (IN for) (NP (DT a) (NN family)))))))) (. .)))",
sw09utt/sw_0911_3121.utt,3/sw3121,3121,172,aa,B,114,1,Right.  /,Right/UH ./.,(ROOT (INTJ (UH Right) (. .))),
sw09utt/sw_0911_3121.utt,3/sw3121,3121,173,sv,B,114,2,"{C But } probably, {F uh, } {D you know, } more women being [ in, + in ] the work force also greatly, greatly affects social change. /","But/CC probably/RB ,/, uh/UH ,/, you/PRP know/VBP ,/, more/JJR women/NNS being/VBG in/IN ,/, in/IN the/DT work/NN force/NN also/RB greatly/RB ,/, greatly/RB affects/VBZ social/JJ change/NN ./.","(ROOT (SINV (CC But) (S (ADVP (RB probably)) (, ,) (INTJ (UH uh)) (, ,) (NP (PRP you)) (VP (VBP know) (PRN (, ,) (S (NP (JJR more) (NNS women)) (VP (VBG being) (PP (IN in)))) (, ,)) (PP (IN in) (NP (DT the) (NN work) (NN force))) (ADVP (RB also)) (ADVP (RB greatly)))) (, ,) (ADVP (RB greatly)) (VP (VBZ affects)) (NP (JJ social) (NN change)) (. .)))",
sw09utt/sw_0911_3121.utt,3/sw3121,3121,174,aa,A,115,1,"Uh-huh,  /","Uh-huh/UH ,/,","(ROOT (FRAG (PP (UH Uh-huh)) (, ,)))",
sw09utt/sw_0911_3121.utt,3/sw3121,3121,175,aa^r,A,115,2,uh-huh. /,uh-huh/UH ./.,(ROOT (INTJ (UH uh-huh) (. .))),
sw09utt/sw_0911_3121.utt,3/sw3121,3121,176,sv,B,116,1,Because it affects child care  /,Because/IN it/PRP affects/VBZ child/NN care/NN,(ROOT (SBAR (IN Because) (S (NP (PRP it)) (VP (VBZ affects) (NP (NN child) (NN care)))))),
sw09utt/sw_0911_3121.utt,3/sw3121,3121,177,%,B,116,2,"{C and, } -/","and/CC ,/,","(ROOT (FRAG (CC and) (ADVP (, ,))))",
sw09utt/sw_0911_3121.utt,3/sw3121,3121,178,aa,A,117,1,"Right,  /","Right/UH ,/,","(ROOT (FRAG (PP (UH Right)) (, ,)))",
sw09utt/sw_0911_3121.utt,3/sw3121,3121,179,aa^r,A,117,2,right. /,right/UH ./.,(ROOT (INTJ (UH right) (. .))),
sw09utt/sw_0911_3121.utt,3/sw3121,3121,180,%,B,118,1,"{F Uh } <lipsmack>, /","Uh/UH ,/,","(ROOT (FRAG (PP (UH Uh)) (, ,)))",
sw09utt/sw_0911_3121.utt,3/sw3121,3121,181,b,A,119,1,"Yeah,  /","Yeah/UH ,/,","(ROOT (INTJ (UH Yeah) (, ,)))",
sw09utt/sw_0911_3121.utt,3/sw3121,3121,182,sd,A,119,2,"I know [ my, + my ] daughter that lives in Pittsburgh, she has two little boys  /","I/PRP know/VBP my/PRP$ ,/, my/PRP$ daughter/NN that/WDT lives/VBP in/IN Pittsburgh/NNP ,/, she/PRP has/VBZ two/CD little/JJ boys/NNS","(ROOT (S (NP (PRP I)) (VP (VBP know) (NP (NP (PRP$ my)) (, ,) (NP (NP (PRP$ my) (NN daughter)) (SBAR (WHNP (WDT that)) (S (VP (VBP lives) (SBAR (S (PP (IN in) (NP (NNP Pittsburgh))) (, ,) (NP (PRP she)) (VP (VBZ has) (NP (CD two) (JJ little) (NNS boys)))))))))))))",
sw09utt/sw_0911_3121.utt,3/sw3121,3121,183,sd,A,119,3,"{C and } [ they, + they've ] been in day care since, {D you know, } - /","and/CC they/PRP ,/, they/PRP 've/VBP been/VBN in/IN day/NN care/NN since/IN ,/, you/PRP know/VBP ,/,","(ROOT (PRN (CC and) (S (NP (PRP they)) (, ,) (NP (PRP they)) (VP (VBP 've) (VP (VBN been) (PP (IN in) (NP (NN day) (NN care))) (SBAR (IN since) (, ,) (S (NP (PRP you)) (VP (VBP know)))))) (, ,))))",
sw09utt/sw_0911_3121.utt,3/sw3121,3121,184,b,A,119,4,one's four  /,one/CD 's/BES four/CD,(ROOT (NP (NP (CD one)) (BES 's) (NP (CD four)))),
sw09utt/sw_0911_3121.utt,3/sw3121,3121,185,sd,A,119,5,{C and } one's one -- /,and/CC one/CD 's/BES one/CD --/:,(ROOT (FRAG (CC and) (NP (NP (CD one)) (ADJP (BES 's) (NP (CD one)))))),
sw09utt/sw_0911_3121.utt,3/sw3121,3121,186,b,B,120,1,Right. /,Right/UH ./.,(ROOT (INTJ (UH Right) (. .))),
sw09utt/sw_0911_3121.utt,3/sw3121,3121,187,sd,A,121,1,-- {C and } they've done well <noise>.  /,--/: and/CC they/PRP 've/VBP done/VBN well/RB ./.,(ROOT (S (CC and) (NP (PRP they)) (VP (VBP 've) (VP (VBN done) (ADVP (RB well)))) (. .))),
sw09utt/sw_0911_3121.utt,3/sw3121,3121,188,sd,A,121,2,"{D Now, } I wouldn't want to do it that way,  /","Now/UH ,/, I/PRP would/MD n't/RB want/VB to/TO do/VB it/PRP that/DT way/NN ,/,","(ROOT (S (INTJ (UH Now)) (, ,) (ADVP (PRP I)) (VP (MD would) (RB n't) (VP (VB want) (S (VP (TO to) (VP (VB do) (S (NP (PRP it)) (NP (DT that) (NN way)))))))) (, ,)))",
sw09utt/sw_0911_3121.utt,3/sw3121,3121,189,sd,A,121,3,"{C but, } {F uh, } she's quite happy  /","but/CC ,/, uh/UH ,/, she/PRP 's/BES quite/RB happy/JJ","(ROOT (S (CC but) (, ,) (ADVP (UH uh)) (, ,) (NP (PRP she)) (VP (BES 's) (ADJP (RB quite) (JJ happy)))))",
sw09utt/sw_0911_3121.utt,3/sw3121,3121,190,sd,A,121,4,{C and } the children seem quite adjusted. /,and/CC the/DT children/NNS seem/VBP quite/RB adjusted/JJ ./.,(ROOT (S (CC and) (NP (DT the) (NNS children)) (VP (VBP seem) (ADJP (RB quite) (JJ adjusted))) (. .))),
sw09utt/sw_0911_3121.utt,3/sw3121,3121,191,sd,B,122,1,"{D Well, } {C and }  [ [ they're, + {D you know, } they're, ] + they're ] saying right now, [ we don't know what, + we just now ] are seeing the effects of day care on --","Well/UH ,/, and/CC they/PRP 're/VBP ,/, you/PRP know/VBP ,/, they/PRP 're/VBP ,/, they/PRP 're/VBP saying/VBG right/RB now/RB ,/, we/PRP do/VBP n't/RB know/VB what/WP ,/, we/PRP just/RB now/RB are/VBP seeing/VBG the/DT effects/NNS of/IN day/NN care/NN on/IN --/:","(ROOT (S (S (INTJ (UH Well)) (, ,) (S (CC and) (NP (PRP they)) (VP (VBP 're))) (, ,) (S (NP (PRP you)) (VP (VBP know))) (, ,) (S (NP (PRP they)) (VP (VBP 're))) (, ,) (S (NP (PRP they)) (VP (VBP 're) (VP (VBG saying) (ADVP (RB right) (RB now)))))) (, ,) (NP (PRP we)) (VP (VBP do) (RB n't) (VP (VB know) (SBAR (WHNP (WP what)) (, ,) (S (NP (PRP we)) (ADVP (RB just) (RB now)) (VP (VBP are) (VP (VBG seeing) (NP (NP (DT the) (NNS effects)) (PP (IN of) (NP (NN day) (NN care)))) (PP (IN on) (NP (NP (DT the) (NN generation)) (SBAR (WHNP (WDT that)) (S (VP (BES 's) (ADVP (RB just)) (VP (ADVP (RB now)) (VBG coming) (PP (PP (IN into) (NP (DT the) (NN work) (NN force))) (CC and) (PP (IN in) (NP (PRP$ their) (NNS twenties)))))))))))))))) (. .)))",
sw09utt/sw_0911_3121.utt,3/sw3121,3121,192,b,A,123,1,Uh-huh. /,Uh-huh/UH ./.,(ROOT (INTJ (UH Uh-huh) (. .))),
sw09utt/sw_0911_3121.utt,3/sw3121,3121,193,+,B,124,1,-- the generation that's just now coming into --,--/: the/DT generation/NN that/WDT 's/BES just/RB now/RB coming/VBG into/IN --/:,"(ROOT (S (S (INTJ (UH Well)) (, ,) (S (CC and) (NP (PRP they)) (VP (VBP 're))) (, ,) (S (NP (PRP you)) (VP (VBP know))) (, ,) (S (NP (PRP they)) (VP (VBP 're))) (, ,) (S (NP (PRP they)) (VP (VBP 're) (VP (VBG saying) (ADVP (RB right) (RB now)))))) (, ,) (NP (PRP we)) (VP (VBP do) (RB n't) (VP (VB know) (SBAR (WHNP (WP what)) (, ,) (S (NP (PRP we)) (ADVP (RB just) (RB now)) (VP (VBP are) (VP (VBG seeing) (NP (NP (DT the) (NNS effects)) (PP (IN of) (NP (NN day) (NN care)))) (PP (IN on) (NP (NP (DT the) (NN generation)) (SBAR (WHNP (WDT that)) (S (VP (BES 's) (ADVP (RB just)) (VP (ADVP (RB now)) (VBG coming) (PP (PP (IN into) (NP (DT the) (NN work) (NN force))) (CC and) (PP (IN in) (NP (PRP$ their) (NNS twenties)))))))))))))))) (. .)))",
sw09utt/sw_0911_3121.utt,3/sw3121,3121,194,aa,A,125,1,"That's right,  /","That/DT 's/BES right/JJ ,/,","(ROOT (S (NP (DT That)) (VP (BES 's) (ADJP (JJ right))) (, ,)))",
sw09utt/sw_0911_3121.utt,3/sw3121,3121,195,aa,A,125,2,yeah. /,yeah/UH ./.,(ROOT (INTJ (UH yeah) (. .))),
sw09utt/sw_0911_3121.utt,3/sw3121,3121,196,+,B,126,1,-- the work force and in their twenties. /,--/: the/DT work/NN force/NN and/CC in/IN their/PRP$ twenties/NNS ./.,"(ROOT (S (S (INTJ (UH Well)) (, ,) (S (CC and) (NP (PRP they)) (VP (VBP 're))) (, ,) (S (NP (PRP you)) (VP (VBP know))) (, ,) (S (NP (PRP they)) (VP (VBP 're))) (, ,) (S (NP (PRP they)) (VP (VBP 're) (VP (VBG saying) (ADVP (RB right) (RB now)))))) (, ,) (NP (PRP we)) (VP (VBP do) (RB n't) (VP (VB know) (SBAR (WHNP (WP what)) (, ,) (S (NP (PRP we)) (ADVP (RB just) (RB now)) (VP (VBP are) (VP (VBG seeing) (NP (NP (DT the) (NNS effects)) (PP (IN of) (NP (NN day) (NN care)))) (PP (IN on) (NP (NP (DT the) (NN generation)) (SBAR (WHNP (WDT that)) (S (VP (BES 's) (ADVP (RB just)) (VP (ADVP (RB now)) (VBG coming) (PP (PP (IN into) (NP (DT the) (NN work) (NN force))) (CC and) (PP (IN in) (NP (PRP$ their) (NNS twenties)))))))))))))))) (. .)))",
sw09utt/sw_0911_3121.utt,3/sw3121,3121,197,aa,A,127,1,"Yes,  /","Yes/UH ,/,","(ROOT (INTJ (UH Yes) (, ,)))",
sw09utt/sw_0911_3121.utt,3/sw3121,3121,198,aa,A,127,2,uh-huh. /,uh-huh/UH ./.,(ROOT (INTJ (UH uh-huh) (. .))),
sw09utt/sw_0911_3121.utt,3/sw3121,3121,199,sv,B,128,1,They are the first generation that basically grew up with day care. /,They/PRP are/VBP the/DT first/JJ generation/NN that/WDT basically/RB grew/VBD up/RP with/IN day/NN care/NN ./.,(ROOT (S (NP (PRP They)) (VP (VBP are) (NP (NP (DT the) (JJ first) (NN generation)) (SBAR (WHNP (WDT that)) (S (ADVP (RB basically)) (VP (VBD grew) (PRT (RP up)) (PP (IN with) (NP (NN day) (NN care)))))))) (. .))),
sw09utt/sw_0911_3121.utt,3/sw3121,3121,200,aa,A,129,1,"That's right,  /","That/DT 's/BES right/JJ ,/,","(ROOT (S (NP (DT That)) (VP (BES 's) (ADJP (JJ right))) (, ,)))",
sw09utt/sw_0911_3121.utt,3/sw3121,3121,201,aa,A,129,2,yeah. /,yeah/UH ./.,(ROOT (INTJ (UH yeah) (. .))),
sw09utt/sw_0911_3121.utt,3/sw3121,3121,202,sv,B,130,1,"{C And so, } {D you know, } </noise> it remained to be seen exactly [ what that, + what that ] does. /","And/CC so/RB ,/, you/PRP know/VBP ,/, it/PRP remained/VBD to/TO be/VB seen/VBN exactly/RB what/WP that/IN ,/, what/WP that/DT does/VBZ ./.","(ROOT (S (CC And) (ADVP (RB so)) (PRN (, ,) (S (NP (PRP you)) (VP (VBP know))) (, ,)) (NP (PRP it)) (VP (VBD remained) (S (VP (TO to) (VP (VB be) (VP (VBN seen) (SBAR (WHADJP (RB exactly) (WP what)) (S (S (ADJP (IN that))) (, ,) (X (WP what)) (NP (DT that)) (VP (VBZ does))))))))) (. .)))",
sw09utt/sw_0911_3121.utt,3/sw3121,3121,203,aa,A,131,1,Uh-huh.  /,Uh-huh/UH ./.,(ROOT (INTJ (UH Uh-huh) (. .))),
sw09utt/sw_0911_3121.utt,3/sw3121,3121,204,sd,A,131,2,"{D Now, } I'm going to baby-sit my granddaughter.  /","Now/UH ,/, I/PRP 'm/VBP going/VBG to/TO baby-sit/VB my/PRP$ granddaughter/NN ./.","(ROOT (S (INTJ (UH Now)) (, ,) (NP (PRP I)) (VP (VBP 'm) (VP (VBG going) (S (VP (TO to) (VP (VB baby-sit) (NP (PRP$ my) (NN granddaughter))))))) (. .)))",
sw09utt/sw_0911_3121.utt,3/sw3121,3121,205,sd,A,131,3,"She's just eight weeks old,  /","She/PRP 's/BES just/RB eight/CD weeks/NNS old/JJ ,/,","(ROOT (S (NP (PRP She)) (VP (BES 's) (ADJP (NP (RB just) (CD eight) (NNS weeks)) (JJ old))) (, ,)))",
sw09utt/sw_0911_3121.utt,3/sw3121,3121,206,sd,A,131,4,{C so } this will be new for me <laughter>. /,so/RB this/DT will/MD be/VB new/JJ for/IN me/PRP ./.,(ROOT (S (RB so) (NP (DT this)) (VP (MD will) (VP (VB be) (ADJP (JJ new) (PP (IN for) (NP (PRP me)))))) (. .))),
sw09utt/sw_0911_3121.utt,3/sw3121,3121,207,b,B,132,1,Uh-huh. /,Uh-huh/UH ./.,(ROOT (INTJ (UH Uh-huh) (. .))),
sw09utt/sw_0911_3121.utt,3/sw3121,3121,208,sd,A,133,1,"[ {C So, } + {F uh, } {C but } ] the others I'm too far away to help them out at all. /","So/RB ,/, uh/UH ,/, but/CC the/DT others/NNS I/PRP 'm/VBP too/RB far/RB away/RB to/TO help/VB them/PRP out/RP at/IN all/DT ./.","(ROOT (S (ADVP (RB So)) (, ,) (FRAG (INTJ (UH uh))) (, ,) (CC but) (S (NP (NP (DT the) (NNS others)) (NP (PRP I))) (VP (VBP 'm) (ADVP (RB too) (RB far) (RB away)) (S (VP (TO to) (VP (VB help) (NP (PRP them)) (PRT (RP out)) (ADVP (IN at) (DT all))))))) (. .)))",
sw09utt/sw_0911_3121.utt,3/sw3121,3121,209,qw,B,134,1,Where do they live? /,Where/WRB do/VBP they/PRP live/VB ?/.,(ROOT (SBARQ (WHADVP (WRB Where)) (SQ (VBP do) (NP (PRP they)) (VP (VB live))) (. ?))),
sw09utt/sw_0911_3121.utt,3/sw3121,3121,210,sd,A,135,1,"{F Uh, } {D well, } I have a son and daughter that live in Pittsburgh.   One in Maryland and one in Connecticut.  /","Uh/UH ,/, well/UH ,/, I/PRP have/VBP a/DT son/NN and/CC daughter/NN that/WDT live/VBP in/IN Pittsburgh/NNP ./. One/CD in/IN Maryland/NNP and/CC one/CD in/IN Connecticut/NNP ./.","(ROOT (S (INTJ (UH Uh) (, ,) (UH well)) (, ,) (NP (PRP I)) (VP (VBP have) (NP (NP (NP (NP (DT a) (NN son) (CC and) (NN daughter)) (SBAR (WHNP (WDT that)) (S (VP (VBP live) (PP (IN in) (NP (NNP Pittsburgh))))))) (. .) (NP (NP (CD One)) (PP (IN in) (NP (NNP Maryland))))) (CC and) (NP (NP (CD one)) (PP (IN in) (NP (NNP Connecticut)))))) (. .)))",
sw09utt/sw_0911_3121.utt,3/sw3121,3121,211,sd,A,135,2,A son in Connecticut. /,A/DT son/NN in/IN Connecticut/NNP ./.,(ROOT (NP (NP (DT A) (NN son)) (PP (IN in) (NP (NNP Connecticut))) (. .))),
sw09utt/sw_0911_3121.utt,3/sw3121,3121,212,sv,B,136,1,"{D Well, } they're not too far, though. /","Well/UH ,/, they/PRP 're/VBP not/RB too/RB far/RB ,/, though/RB ./.","(ROOT (S (INTJ (UH Well)) (, ,) (NP (PRP they)) (VP (VBP 're) (RB not) (ADJP (RB too) (RB far)) (, ,) (ADVP (RB though))) (. .)))",
sw09utt/sw_0911_3121.utt,3/sw3121,3121,213,aa,A,137,1,"No,  /","No/UH ,/,","(ROOT (INTJ (UH No) (, ,)))",
sw09utt/sw_0911_3121.utt,3/sw3121,3121,214,sd,A,137,2,{C but } {D like } Connecticut takes eight hours to drive home  /,but/CC like/IN Connecticut/NNP takes/VBZ eight/CD hours/NNS to/TO drive/VB home/RB,(ROOT (PRN (CC but) (SBAR (IN like) (S (NP (NNP Connecticut)) (VP (VBZ takes) (NP (CD eight) (NNS hours)) (S (VP (TO to) (VP (VB drive) (ADVP (RB home)))))))))),
sw09utt/sw_0911_3121.utt,3/sw3121,3121,215,sv,A,137,3,"{C and, } {F uh, } it's too far to, {D you know, } really go too often. /","and/CC ,/, uh/UH ,/, it/PRP 's/BES too/RB far/RB to/TO ,/, you/PRP know/VBP ,/, really/RB go/VB too/RB often/RB ./.","(ROOT (S (CC and) (, ,) (INTJ (UH uh)) (, ,) (NP (PRP it)) (VP (BES 's) (ADVP (RB too) (RB far)) (S (VP (TO to) (PRN (, ,) (S (NP (PRP you)) (VP (VBP know))) (, ,)) (VP (ADVP (RB really)) (VB go) (ADVP (RB too) (RB often)))))) (. .)))",
sw09utt/sw_0911_3121.utt,3/sw3121,3121,216,b,B,138,1,Uh-huh. /,Uh-huh/UH ./.,(ROOT (INTJ (UH Uh-huh) (. .))),
sw09utt/sw_0911_3121.utt,3/sw3121,3121,217,sv,A,139,1,Pittsburgh's not quite so bad.  /,Pittsburgh/NNP 's/BES not/RB quite/RB so/RB bad/JJ ./.,(ROOT (S (NP (NNP Pittsburgh)) (VP (BES 's) (RB not) (ADJP (RB quite) (RB so) (JJ bad))) (. .))),
sw09utt/sw_0911_3121.utt,3/sw3121,3121,218,sd,A,139,2,It's just a couple hours.  /,It/PRP 's/BES just/RB a/DT couple/NN hours/NNS ./.,(ROOT (S (NP (PRP It)) (VP (BES 's) (NP (QP (RB just) (DT a) (NN couple)) (NNS hours))) (. .))),
sw09utt/sw_0911_3121.utt,3/sw3121,3121,219,sd,A,139,3,"Maryland, maybe five hour drive. /","Maryland/NNP ,/, maybe/RB five/CD hour/NN drive/NN ./.","(ROOT (NP (NP (NNP Maryland)) (, ,) (NP (NP (RB maybe) (CD five) (NN hour)) (NP (NN drive))) (. .)))",
sw09utt/sw_0911_3121.utt,3/sw3121,3121,220,sd,B,140,1,"{D Well, } I live like fourteen hours from home. /","Well/UH ,/, I/PRP live/VBP like/IN fourteen/CD hours/NNS from/IN home/NN ./.","(ROOT (S (INTJ (UH Well)) (, ,) (NP (PRP I)) (VP (VBP live) (PP (IN like) (NP (NP (CD fourteen) (NNS hours)) (PP (IN from) (NP (NN home)))))) (. .)))",
sw09utt/sw_0911_3121.utt,3/sw3121,3121,221,b,A,141,1,Uh-huh.  /,Uh-huh/UH ./.,(ROOT (INTJ (UH Uh-huh) (. .))),
sw09utt/sw_0911_3121.utt,3/sw3121,3121,222,sv,A,141,2,That's worse yet. /,That/DT 's/BES worse/RBR yet/RB ./.,(ROOT (S (NP (DT That)) (VP (BES 's) (ADJP (RBR worse)) (ADVP (RB yet))) (. .))),
sw09utt/sw_0911_3121.utt,3/sw3121,3121,223,sd,B,142,1,"In fact [ [ [ I'm, +","In/IN fact/NN I/PRP 'm/VBP ,/,","(ROOT (S (PP (IN In) (NP (NN fact))) (NP (PRP I)) (VP (VBP 'm) (PRN (, ,) (S (NP (PRP I)) (VP (VBP 'm) (VP (VBG driving) (S (ADVP (RB tomor-)) (, ,) (NP (PRP I)) (VP (VP (VBP 'm)) (PRN (, ,) (S (NP (PRP I)) (VP (VBP 'm) (VP (VBG driving) (ADVP (RB home)) (NP (NN tomorrow))))) (, ,)) (ADVP (RB so))))))) (, ,)))))",
sw09utt/sw_0911_3121.utt,3/sw3121,3121,224,x,A,143,1,<Laughter>.,,,
sw09utt/sw_0911_3121.utt,3/sw3121,3121,225,+,B,144,1,"I'm driving tomor-, ] + I'm, ] + I'm driving home tomorrow, ] {C so, } -/","I/PRP 'm/VBP driving/VBG tomor-/RB ,/, I/PRP 'm/VBP ,/, I/PRP 'm/VBP driving/VBG home/RB tomorrow/NN ,/, so/RB ,/,","(ROOT (S (PP (IN In) (NP (NN fact))) (NP (PRP I)) (VP (VBP 'm) (PRN (, ,) (S (NP (PRP I)) (VP (VBP 'm) (VP (VBG driving) (S (ADVP (RB tomor-)) (, ,) (NP (PRP I)) (VP (VP (VBP 'm)) (PRN (, ,) (S (NP (PRP I)) (VP (VBP 'm) (VP (VBG driving) (ADVP (RB home)) (NP (NN tomorrow))))) (, ,)) (ADVP (RB so))))))) (, ,)))))",
sw09utt/sw_0911_3121.utt,3/sw3121,3121,226,bh,A,145,1,"{F Oh, } are you really? /","Oh/UH ,/, are/VBP you/PRP really/RB ?/.","(ROOT (SINV (FRAG (INTJ (UH Oh))) (, ,) (VP (VBP are)) (NP (NP (PRP you)) (ADVP (RB really))) (. ?)))",
sw09utt/sw_0911_3121.utt,3/sw3121,3121,227,sd,B,146,1,To go be there for the Fourth of July. /,To/TO go/VB be/VB there/RB for/IN the/DT Fourth/NNP of/IN July/NNP ./.,(ROOT (S (VP (TO To) (VP (VB go) (VP (VB be) (ADVP (RB there)) (PP (IN for) (NP (NP (DT the) (NNP Fourth)) (PP (IN of) (NP (NNP July)))))))) (. .))),
sw09utt/sw_0911_3121.utt,3/sw3121,3121,228,qy,A,147,1,"Do you, {F uh, } stay overnight on the way,  /","Do/VBP you/PRP ,/, uh/UH ,/, stay/VB overnight/JJ on/IN the/DT way/NN ,/,","(ROOT (FRAG (S (VP (VBP Do) (S (NP (PRP you))) (, ,) (S (INTJ (UH uh)) (, ,) (VP (VB stay) (NP (JJ overnight)) (PP (IN on) (NP (DT the) (NN way)) (, ,))))))))",
sw09utt/sw_0911_3121.utt,3/sw3121,3121,229,%,A,147,2,"{C or } you, -/","or/CC you/PRP ,/,","(ROOT (FRAG (PP (CC or) (NP (PRP you))) (, ,)))",
sw09utt/sw_0911_3121.utt,3/sw3121,3121,230,nn,B,148,1,"No,  /","No/UH ,/,","(ROOT (INTJ (UH No) (, ,)))",
sw09utt/sw_0911_3121.utt,3/sw3121,3121,231,sd^e,B,148,2,I can drive it all.  /,I/PRP can/MD drive/VB it/PRP all/DT ./.,(ROOT (S (NP (PRP I)) (VP (MD can) (VP (VB drive) (S (NP (PRP it)) (NP (DT all))))) (. .))),
sw09utt/sw_0911_3121.utt,3/sw3121,3121,232,sd,B,148,3,"It's just me, /","It/PRP 's/BES just/RB me/PRP ,/,","(ROOT (S (NP (PRP It)) (VP (BES 's) (ADVP (RB just)) (NP (PRP me))) (, ,)))",
sw09utt/sw_0911_3121.utt,3/sw3121,3121,233,sv,A,149,1,You're young. /,You/PRP 're/VBP young/JJ ./.,(ROOT (S (NP (PRP You)) (VP (VBP 're) (ADJP (JJ young))) (. .))),
sw09utt/sw_0911_3121.utt,3/sw3121,3121,234,sd,B,150,1,{C So } I can make it. /,So/RB I/PRP can/MD make/VB it/PRP ./.,(ROOT (S (RB So) (NP (PRP I)) (VP (MD can) (VP (VB make) (NP (PRP it)))) (. .))),
sw09utt/sw_0911_3121.utt,3/sw3121,3121,235,qw,A,151,1,How old are you? /,How/WRB old/JJ are/VBP you/PRP ?/.,(ROOT (SBARQ (WHADJP (WRB How) (JJ old)) (SQ (VBP are) (NP (PRP you))) (. ?))),
sw09utt/sw_0911_3121.utt,3/sw3121,3121,236,sd,B,152,1,I'm thirty-five. /,I/PRP 'm/VBP thirty-five/CD ./.,(ROOT (S (NP (PRP I)) (VP (VBP 'm) (NP (CD thirty-five))) (. .))),
sw09utt/sw_0911_3121.utt,3/sw3121,3121,237,bk,A,153,1,"Okay,  /","Okay/UH ,/,","(ROOT (FRAG (PP (UH Okay)) (, ,)))",
sw09utt/sw_0911_3121.utt,3/sw3121,3121,238,sv,A,153,2,"{D well } you're young enough yet to <laughter>, -/","well/UH you/PRP 're/VBP young/JJ enough/RB yet/RB to/TO ,/,","(ROOT (PRN (UH well) (S (NP (PRP you)) (VP (VBP 're) (ADJP (JJ young) (ADVP (RB enough) (RB yet)) (PP (TO to))))) (, ,)))",
sw09utt/sw_0911_3121.utt,3/sw3121,3121,239,%,B,154,1,"Although [ [ it's, + it's, ] + it is ] pretty, - /","Although/IN it/PRP 's/BES ,/, it/PRP 's/BES ,/, it/PRP is/VBZ pretty/RB ,/,","(ROOT (S (SBAR (IN Although) (S (NP (PRP it)) (VP (BES 's)))) (, ,) (NP (PRP it)) (VP (BES 's) (PRN (, ,) (S (NP (PRP it)) (VP (VBZ is) (ADVP (RB pretty)))) (, ,)))))",
sw09utt/sw_0911_3121.utt,3/sw3121,3121,240,h,B,154,2,"I don't know,  /","I/PRP do/VBP n't/RB know/VB ,/,","(ROOT (S (NP (PRP I)) (VP (VBP do) (RB n't) (VP (VB know))) (, ,)))",
sw09utt/sw_0911_3121.utt,3/sw3121,3121,241,sd,B,154,3,I don't enjoy it that much. /,I/PRP do/VBP n't/RB enjoy/VB it/PRP that/RB much/RB ./.,(ROOT (S (NP (PRP I)) (VP (VBP do) (RB n't) (VP (VB enjoy) (NP (PRP it)) (ADVP (RB that) (RB much)))) (. .))),
sw09utt/sw_0911_3121.utt,3/sw3121,3121,242,b,A,155,1,Uh-huh. /,Uh-huh/UH ./.,(ROOT (INTJ (UH Uh-huh) (. .))),
sw09utt/sw_0911_3121.utt,3/sw3121,3121,243,sd,B,156,1,It's pretty much {D like } get there  /,It/PRP 's/BES pretty/RB much/JJ like/IN get/VB there/RB,(ROOT (S (NP (PRP It)) (VP (BES 's) (ADJP (RB pretty) (JJ much) (PP (IN like) (S (VP (VB get) (ADVP (RB there))))))))),
sw09utt/sw_0911_3121.utt,3/sw3121,3121,244,%,B,156,2,"{C and, } -/","and/CC ,/,","(ROOT (FRAG (CC and) (ADVP (, ,))))",
sw09utt/sw_0911_3121.utt,3/sw3121,3121,245,sv,A,157,1,It's work to get there.  /,It/PRP 's/BES work/NN to/TO get/VB there/RB ./.,(ROOT (S (NP (PRP It)) (VP (BES 's) (NP (NN work)) (S (VP (TO to) (VP (VB get) (ADVP (RB there)))))) (. .))),
sw09utt/sw_0911_3121.utt,3/sw3121,3121,246,%,A,157,2,Yeah. /,Yeah/UH ./.,(ROOT (INTJ (UH Yeah) (. .))),
sw09utt/sw_0911_3121.utt,3/sw3121,3121,247,sd,B,158,1,It's just not that pleasant. /,It/PRP 's/BES just/RB not/RB that/RB pleasant/JJ ./.,(ROOT (S (NP (PRP It)) (VP (BES 's) (ADVP (RB just)) (RB not) (ADJP (RB that) (JJ pleasant))) (. .))),
sw09utt/sw_0911_3121.utt,3/sw3121,3121,248,b,A,159,1,Yeah. /,Yeah/UH ./.,(ROOT (INTJ (UH Yeah) (. .))),
sw09utt/sw_0911_3121.utt,3/sw3121,3121,249,sd,B,160,1,"Even with other people, I basically just don't like to drive that far. /","Even/RB with/IN other/JJ people/NNS ,/, I/PRP basically/RB just/RB do/VBP n't/RB like/VB to/TO drive/VB that/RB far/RB ./.","(ROOT (S (NP (ADVP (RB Even) (PP (IN with) (NP (NP (JJ other) (NNS people)) (, ,) (NP (PRP I))))) (RB basically) (RB just)) (VP (VBP do) (RB n't) (VP (VB like) (S (VP (TO to) (VP (VB drive) (ADVP (RB that) (RB far))))))) (. .)))",
sw09utt/sw_0911_3121.utt,3/sw3121,3121,250,b,A,161,1,Uh-huh.  /,Uh-huh/UH ./.,(ROOT (INTJ (UH Uh-huh) (. .))),
sw09utt/sw_0911_3121.utt,3/sw3121,3121,251,%,A,161,2,"{D Now } my son, - /","Now/UH my/PRP$ son/NN ,/,","(ROOT (FRAG (PP (UH Now) (NP (PRP$ my) (NN son))) (, ,)))",
sw09utt/sw_0911_3121.utt,3/sw3121,3121,252,%,A,161,3,"[ they, + they, ] flew, - /","they/PRP ,/, they/PRP ,/, flew/VBD ,/,","(ROOT (S (NP (NP (PRP they)) (, ,) (NP (PRP they)) (, ,)) (VP (VBD flew)) (, ,)))",
sw09utt/sw_0911_3121.utt,3/sw3121,3121,253,sd,A,161,4,"he rebuilt a Aranca Chief, airplane,  /","he/PRP rebuilt/VBD a/DT Aranca/NNP Chief/NNP ,/, airplane/NN ,/,","(ROOT (S (NP (PRP he)) (VP (VBD rebuilt) (NP (NP (DT a) (NNP Aranca) (NNP Chief)) (, ,) (NP (NN airplane)) (, ,)))))",
sw09utt/sw_0911_3121.utt,3/sw3121,3121,254,sd,A,161,5,{C and } they flew down last weekend.  /,and/CC they/PRP flew/VBD down/RB last/JJ weekend/NN ./.,(ROOT (S (CC and) (NP (PRP they)) (VP (VBD flew) (ADVP (RB down)) (NP (JJ last) (NN weekend))) (. .))),
sw09utt/sw_0911_3121.utt,3/sw3121,3121,255,sd,A,161,6,They came down in it.  /,They/PRP came/VBD down/RB in/IN it/PRP ./.,(ROOT (S (NP (PRP They)) (VP (VBD came) (ADVP (RB down)) (PP (IN in) (NP (PRP it)))) (. .))),
sw09utt/sw_0911_3121.utt,3/sw3121,3121,256,sd,A,161,7,"{C And } it still took a long time because [ it's not a fast, + it's not a high-speed ] airplane. /","And/CC it/PRP still/RB took/VBD a/DT long/JJ time/NN because/IN it/PRP 's/BES not/RB a/DT fast/JJ ,/, it/PRP 's/BES not/RB a/DT high-speed/JJ airplane/NN ./.","(ROOT (S (S (CC And) (NP (PRP it)) (ADVP (RB still)) (VP (VBD took) (NP (DT a) (JJ long) (NN time)) (SBAR (IN because) (S (NP (PRP it)) (VP (BES 's) (RB not) (NP (DT a) (JJ fast))))))) (, ,) (NP (PRP it)) (VP (BES 's) (RB not) (NP (DT a) (JJ high-speed) (NN airplane))) (. .)))",
sw09utt/sw_0911_3121.utt,3/sw3121,3121,257,b,B,162,1,Uh-huh. /,Uh-huh/UH ./.,(ROOT (INTJ (UH Uh-huh) (. .))),
sw09utt/sw_0911_3121.utt,3/sw3121,3121,258,sd,A,163,1,{C But } they enjoyed in thoroughly.  /,But/CC they/PRP enjoyed/VBD in/^PRP thoroughly/RB ./.,(ROOT (S (CC But) (NP (PRP they)) (VP (VBD enjoyed) (ADVP (^PRP in)) (ADVP (RB thoroughly))) (. .))),
sw09utt/sw_0911_3121.utt,3/sw3121,3121,259,%,A,163,2,"{C So, } -/","So/RB ,/,","(ROOT (INTJ (RB So) (, ,)))",
sw09utt/sw_0911_3121.utt,3/sw3121,3121,260,qw^t,B,164,1,"When you say you're in the second phase of this project, what is the second phase of it? /","When/WRB you/PRP say/VBP you/PRP 're/VBP in/IN the/DT second/JJ phase/NN of/IN this/DT project/NN ,/, what/WP is/VBZ the/DT second/JJ phase/NN of/IN it/PRP ?/.","(ROOT (SBARQ (SBAR (WHADVP (WRB When)) (S (NP (PRP you)) (VP (VBP say) (SBAR (S (NP (PRP you)) (VP (VBP 're) (PP (IN in) (NP (NP (DT the) (JJ second) (NN phase)) (PP (IN of) (NP (DT this) (NN project))))))))))) (, ,) (WHNP (WP what)) (SQ (VBZ is) (NP (NP (DT the) (JJ second) (NN phase)) (PP (IN of) (NP (PRP it))))) (. ?)))",
sw09utt/sw_0911_3121.utt,3/sw3121,3121,261,no,A,165,1,"I'm not sure,  /","I/PRP 'm/VBP not/RB sure/JJ ,/,","(ROOT (S (NP (PRP I)) (VP (VBP 'm) (RB not) (ADJP (JJ sure))) (, ,)))",
sw09utt/sw_0911_3121.utt,3/sw3121,3121,262,sd^t,A,165,2,{C but } you have to change phones.  /,but/CC you/PRP have/VBP to/TO change/VB phones/NNS ./.,(ROOT (S (CC but) (NP (PRP you)) (VP (VBP have) (S (VP (TO to) (VP (VB change) (NP (NNS phones)))))) (. .))),
sw09utt/sw_0911_3121.utt,3/sw3121,3121,263,sd^t,A,165,3,"You have to call from [ another, + a different, ] -/","You/PRP have/VBP to/TO call/VB from/IN another/DT ,/, a/DT different/JJ ,/,",,
sw09utt/sw_0911_3121.utt,3/sw3121,3121,264,bk,B,166,1,Oh. /,Oh/UH ./.,,
